-- MySQL Administrator dump 1.4
--
-- ------------------------------------------------------
-- Server version	5.5.5-10.4.11-MariaDB


/*!40101 SET @OLD_CHARACTER_SET_CLIENT=@@CHARACTER_SET_CLIENT */;
/*!40101 SET @OLD_CHARACTER_SET_RESULTS=@@CHARACTER_SET_RESULTS */;
/*!40101 SET @OLD_COLLATION_CONNECTION=@@COLLATION_CONNECTION */;
/*!40101 SET NAMES utf8 */;

/*!40014 SET @OLD_UNIQUE_CHECKS=@@UNIQUE_CHECKS, UNIQUE_CHECKS=0 */;
/*!40014 SET @OLD_FOREIGN_KEY_CHECKS=@@FOREIGN_KEY_CHECKS, FOREIGN_KEY_CHECKS=0 */;
/*!40101 SET @OLD_SQL_MODE=@@SQL_MODE, SQL_MODE='NO_AUTO_VALUE_ON_ZERO' */;


--
-- Create schema strasourcing_php_combo
--

CREATE DATABASE IF NOT EXISTS strasourcing_php_combo;
USE strasourcing_php_combo;

--
-- Temporary table structure for view `catsubcatgrupo`
--
DROP TABLE IF EXISTS `catsubcatgrupo`;
DROP VIEW IF EXISTS `catsubcatgrupo`;
CREATE TABLE `catsubcatgrupo` (
  `idCat` int(11),
  `catname` varchar(255),
  `idsubcat` int(11),
  `subcatname` varchar(255),
  `idgrupo` int(11),
  `gruponame` varchar(255)
);
--
-- Create schema strasourcing_spa
--

CREATE DATABASE IF NOT EXISTS strasourcing_spa;
USE strasourcing_spa;

--
-- Temporary table structure for view `paisedociudad`
--
DROP TABLE IF EXISTS `paisedociudad`;
DROP VIEW IF EXISTS `paisedociudad`;
CREATE TABLE `paisedociudad` (
  `id` int(10) unsigned,
  `pais` varchar(5),
  `cod_edo` varchar(5),
  `cod_city` varchar(4),
  `state` varchar(45),
  `city` varchar(45)
);

--
-- Temporary table structure for view `usuario_empresa`
--
DROP TABLE IF EXISTS `usuario_empresa`;
DROP VIEW IF EXISTS `usuario_empresa`;
CREATE TABLE `usuario_empresa` (
  `idusuario` int(11),
  `nombre` varchar(100),
  `correo` varchar(100),
  `usuario` varchar(20),
  `clave` varchar(60),
  `estado` int(11),
  `userhive` int(10) unsigned,
  `tipo` int(10) unsigned,
  `hint` varchar(45),
  `imagen` varchar(120),
  `folder` varchar(120),
  `razon_social` varchar(120)
);

--
-- Temporary table structure for view `usuario_proveedor`
--
DROP TABLE IF EXISTS `usuario_proveedor`;
DROP VIEW IF EXISTS `usuario_proveedor`;
CREATE TABLE `usuario_proveedor` (
  `idusuario` int(11),
  `nombre` varchar(100),
  `correo` varchar(100),
  `usuario` varchar(20),
  `clave` varchar(60),
  `estado` int(11),
  `userhive` int(10) unsigned,
  `tipo` int(10) unsigned,
  `hint` varchar(45),
  `imagen` varchar(120),
  `folder` varchar(120),
  `razon_social` varchar(120)
);
--
-- Create schema strasourcing_php_combo
--

CREATE DATABASE IF NOT EXISTS strasourcing_php_combo;
USE strasourcing_php_combo;

--
-- Definition of table `ciudad`
--

DROP TABLE IF EXISTS `ciudad`;
CREATE TABLE `ciudad` (
  `id` int(11) NOT NULL AUTO_INCREMENT,
  `name` varchar(255) DEFAULT NULL,
  `pais_id` int(11) NOT NULL,
  PRIMARY KEY (`id`),
  KEY `pais_id` (`pais_id`)
) ENGINE=InnoDB AUTO_INCREMENT=91 DEFAULT CHARSET=utf8;

--
-- Dumping data for table `ciudad`
--

/*!40000 ALTER TABLE `ciudad` DISABLE KEYS */;
INSERT INTO `ciudad` (`id`,`name`,`pais_id`) VALUES 
 (1,'Mascarillas',10),
 (2,'Respiradores',10),
 (5,'Cartuchos y filtros',10),
 (7,'Autocontenido',10),
 (9,'Cascos',11),
 (11,'Relativa',1),
 (12,'Vacio',1),
 (13,'Membrana',1),
 (14,'Alta temperatura',1),
 (15,'Diferencial',1),
 (16,'Atmosferica',1),
 (17,'Manometros Analogicos',1),
 (18,'Manometros Digitales',1),
 (19,'Manometros Absolutos',1),
 (20,'Manometros Diferencial',1),
 (21,'Manometros de esfera',1),
 (22,'Infrarrojos',2),
 (23,'PT1000',2),
 (24,'PT100',2),
 (25,'Resistencia',2),
 (26,'RTD',2),
 (27,'Termistor',2),
 (28,'Termopar',2),
 (29,'Termopar Digital',2),
 (30,'Termostato',2),
 (31,'Termometros digitales',2),
 (32,'Termometros infrarrojos',2),
 (33,'Termometros de termopar',2),
 (34,'Termometros bimetalicos',2),
 (35,'Termometros de resistencia',2),
 (36,'Pirometros digitales',2),
 (37,'Electromecanico',3),
 (38,'Termico',3),
 (39,'Liquido',3),
 (40,'Ultrasonido',3),
 (41,'Efecto hall',3),
 (42,'Masico',3),
 (43,'Turbina',3),
 (44,'Aire',3),
 (45,'Capacitivo',5),
 (46,'Magnetotrictivo',5),
 (47,'Hidrostatico',5),
 (48,'Flotador',5),
 (49,'Ultrasonido',5),
 (50,'Acustico',5),
 (51,'Radar',5),
 (52,'Dinamometros',7),
 (53,'Par rotativo',7),
 (54,'Par estatico',7),
 (55,'Torsion',7),
 (56,'Deformacion',7),
 (57,'Desplazamiento lineal',8),
 (58,'Distancia laser',8),
 (59,'Distancia cilindrico',8),
 (60,'Distancia optico',8),
 (61,'Distancia magnetico',8),
 (62,'Velocidad de rotacion',8),
 (63,'Velocidad lineal',8),
 (64,'Proximidad inductivo',8),
 (65,'Proximidad magnetico',8),
 (66,'Proximidad capacitivo',8),
 (67,'Fotoelectrico con supresion de fondo',8),
 (68,'Fotoelectrico retroreflector',8),
 (69,'Posicion lineal',8),
 (70,'Posicion rotativo',8),
 (71,'Posicion angular',8),
 (72,'Encoder rotativo incremental',8),
 (73,'Encoder rotativo absoluto',8),
 (74,'Encoder lineal  incremental',8),
 (75,'Encoder lineal absoluto',8),
 (76,NULL,0),
 (77,'Fotoelectrico',9),
 (78,'RGB',9),
 (79,'Lentes de seguridad',12),
 (80,'Protectores tipo tapón',13),
 (81,'Protectores tipo copa',13),
 (82,'Guantes neopreno',14),
 (83,'Guantes de nitrilo',14),
 (84,'Guantes PVC, látex y caucho',14),
 (85,'Guantes descartables',14),
 (86,'Guantes especiales',14),
 (87,'Guantes de uso general',14),
 (88,'Calzado de seguridad',15),
 (89,'Botas PVC',15),
 (90,'Calzados ayala',15);
/*!40000 ALTER TABLE `ciudad` ENABLE KEYS */;


--
-- Definition of table `combo`
--

DROP TABLE IF EXISTS `combo`;
CREATE TABLE `combo` (
  `id` int(11) NOT NULL AUTO_INCREMENT,
  `continente_id` int(11) NOT NULL,
  `pais_id` int(11) NOT NULL,
  `ciudad_id` int(11) NOT NULL,
  PRIMARY KEY (`id`),
  KEY `continente_id` (`continente_id`),
  KEY `pais_id` (`pais_id`),
  KEY `ciudad_id` (`ciudad_id`),
  CONSTRAINT `combo_ibfk_1` FOREIGN KEY (`continente_id`) REFERENCES `continente` (`id`),
  CONSTRAINT `combo_ibfk_2` FOREIGN KEY (`pais_id`) REFERENCES `pais` (`id`),
  CONSTRAINT `combo_ibfk_3` FOREIGN KEY (`ciudad_id`) REFERENCES `ciudad` (`id`)
) ENGINE=InnoDB AUTO_INCREMENT=7 DEFAULT CHARSET=utf8;

--
-- Dumping data for table `combo`
--

/*!40000 ALTER TABLE `combo` DISABLE KEYS */;
INSERT INTO `combo` (`id`,`continente_id`,`pais_id`,`ciudad_id`) VALUES 
 (1,1,2,5),
 (2,1,3,7),
 (3,1,1,1),
 (4,8,5,9),
 (5,1,1,2),
 (6,1,1,1);
/*!40000 ALTER TABLE `combo` ENABLE KEYS */;


--
-- Definition of table `continente`
--

DROP TABLE IF EXISTS `continente`;
CREATE TABLE `continente` (
  `id` int(11) NOT NULL AUTO_INCREMENT,
  `name` varchar(255) DEFAULT NULL,
  `status` tinyint(1) NOT NULL DEFAULT 0,
  PRIMARY KEY (`id`)
) ENGINE=InnoDB AUTO_INCREMENT=24 DEFAULT CHARSET=utf8;

--
-- Dumping data for table `continente`
--

/*!40000 ALTER TABLE `continente` DISABLE KEYS */;
INSERT INTO `continente` (`id`,`name`,`status`) VALUES 
 (1,'Instrumentación y Control',1),
 (2,'Manejo de Fluidos',1),
 (7,'Electricidad y Potencia',1),
 (8,'Automatización Robotica',1),
 (12,'Fuerza y Movimiento',1),
 (15,'Refrigeración y Aire acondicionado',0),
 (16,'Seguridad, Higiene y Protección de planta',0),
 (17,'Soldadura y Pintura',0),
 (18,'Abrasivos y Adhesivos',0),
 (19,'Herramientas',0),
 (20,'Materias Primas',0),
 (21,'Laboratorio',0),
 (22,'Material de Empaque',0),
 (23,'Logística',0);
/*!40000 ALTER TABLE `continente` ENABLE KEYS */;


--
-- Definition of table `lista_paises`
--

DROP TABLE IF EXISTS `lista_paises`;
CREATE TABLE `lista_paises` (
  `pais_id` int(11) NOT NULL AUTO_INCREMENT,
  `pais_nombre` varchar(150) COLLATE utf8_unicode_ci NOT NULL,
  PRIMARY KEY (`pais_id`)
) ENGINE=InnoDB AUTO_INCREMENT=45 DEFAULT CHARSET=utf8 COLLATE=utf8_unicode_ci;

--
-- Dumping data for table `lista_paises`
--

/*!40000 ALTER TABLE `lista_paises` DISABLE KEYS */;
INSERT INTO `lista_paises` (`pais_id`,`pais_nombre`) VALUES 
 (1,'china'),
 (2,'united states'),
 (3,'india'),
 (4,'japan'),
 (5,'brazil'),
 (6,'russia'),
 (7,'germany'),
 (8,'nigeria'),
 (9,'united kingdom'),
 (10,'france'),
 (11,'mexico'),
 (12,'south korea'),
 (13,'indonesia'),
 (14,'philippines'),
 (15,'egypt'),
 (16,'vietnam'),
 (17,'turkey'),
 (18,'italy'),
 (19,'spain'),
 (20,'canada'),
 (21,'poland'),
 (22,'argentina'),
 (23,'colombia'),
 (24,'iran'),
 (25,'south africa'),
 (26,'malaysia'),
 (27,'pakistan'),
 (28,'australia'),
 (29,'thailand'),
 (30,'morocco'),
 (31,'taiwan'),
 (32,'netherlands'),
 (33,'ukraine'),
 (34,'saudi arabia'),
 (35,'kenya'),
 (36,'venezuela'),
 (37,'peru'),
 (38,'romania'),
 (39,'chile'),
 (40,'uzbekistan'),
 (41,'bangladesh'),
 (42,'kazakhstan'),
 (43,'belgium'),
 (44,'sweden');
/*!40000 ALTER TABLE `lista_paises` ENABLE KEYS */;


--
-- Definition of table `marca_catsubcatgrupo`
--

DROP TABLE IF EXISTS `marca_catsubcatgrupo`;
CREATE TABLE `marca_catsubcatgrupo` (
  `id` int(10) unsigned NOT NULL AUTO_INCREMENT,
  `marca` int(10) unsigned NOT NULL DEFAULT 0,
  `categoria` int(10) unsigned NOT NULL DEFAULT 0,
  `subcategoria` int(10) unsigned NOT NULL DEFAULT 0,
  `grupo` int(10) unsigned NOT NULL DEFAULT 0,
  PRIMARY KEY (`id`),
  UNIQUE KEY `Index_2` (`marca`,`categoria`,`subcategoria`,`grupo`)
) ENGINE=InnoDB AUTO_INCREMENT=1418 DEFAULT CHARSET=utf8;

--
-- Dumping data for table `marca_catsubcatgrupo`
--

/*!40000 ALTER TABLE `marca_catsubcatgrupo` DISABLE KEYS */;
INSERT INTO `marca_catsubcatgrupo` (`id`,`marca`,`categoria`,`subcategoria`,`grupo`) VALUES 
 (801,77,1,1,11),
 (808,77,1,1,12),
 (815,77,1,1,13),
 (822,77,1,1,14),
 (829,77,1,1,15),
 (836,77,1,1,16),
 (843,77,1,1,17),
 (850,77,1,1,18),
 (857,77,1,1,19),
 (864,77,1,1,20),
 (871,77,1,1,21),
 (878,77,1,2,22),
 (885,77,1,2,23),
 (892,77,1,2,24),
 (899,77,1,2,25),
 (906,77,1,2,26),
 (913,77,1,2,27),
 (920,77,1,2,28),
 (927,77,1,2,29),
 (934,77,1,2,30),
 (941,77,1,2,31),
 (948,77,1,2,32),
 (955,77,1,2,33),
 (962,77,1,2,34),
 (969,77,1,2,35),
 (976,77,1,2,36),
 (983,77,1,3,37),
 (990,77,1,3,38),
 (997,77,1,3,39),
 (1004,77,1,3,40),
 (1011,77,1,3,41),
 (1018,77,1,3,42),
 (1025,77,1,3,43),
 (1032,77,1,3,44),
 (1039,77,1,5,45),
 (1046,77,1,5,46),
 (1053,77,1,5,47),
 (1060,77,1,5,48),
 (1067,77,1,5,49),
 (1074,77,1,5,50),
 (1081,77,1,5,51),
 (1088,77,1,7,52),
 (1095,77,1,7,53),
 (1102,77,1,7,54),
 (1109,77,1,7,55),
 (1116,77,1,7,56),
 (1123,77,1,8,57),
 (1130,77,1,8,58),
 (1137,77,1,8,59),
 (1144,77,1,8,60),
 (1151,77,1,8,61),
 (1158,77,1,8,62),
 (1165,77,1,8,63),
 (1172,77,1,8,64),
 (1179,77,1,8,65),
 (1186,77,1,8,66),
 (1193,77,1,8,67),
 (1200,77,1,8,68),
 (1207,77,1,8,69),
 (1214,77,1,8,70),
 (1221,77,1,8,71),
 (1228,77,1,8,72),
 (1235,77,1,8,73),
 (1242,77,1,8,74),
 (1249,77,1,8,75),
 (1256,77,1,9,77),
 (1263,77,1,9,78),
 (797,78,1,1,11),
 (804,78,1,1,12),
 (811,78,1,1,13),
 (818,78,1,1,14),
 (825,78,1,1,15),
 (832,78,1,1,16),
 (839,78,1,1,17),
 (846,78,1,1,18),
 (853,78,1,1,19),
 (860,78,1,1,20),
 (867,78,1,1,21),
 (874,78,1,2,22),
 (881,78,1,2,23),
 (888,78,1,2,24),
 (895,78,1,2,25),
 (902,78,1,2,26),
 (909,78,1,2,27),
 (916,78,1,2,28),
 (923,78,1,2,29),
 (930,78,1,2,30),
 (937,78,1,2,31),
 (944,78,1,2,32),
 (951,78,1,2,33),
 (958,78,1,2,34),
 (965,78,1,2,35),
 (972,78,1,2,36),
 (979,78,1,3,37),
 (986,78,1,3,38),
 (993,78,1,3,39),
 (1000,78,1,3,40),
 (1007,78,1,3,41),
 (1014,78,1,3,42),
 (1021,78,1,3,43),
 (1028,78,1,3,44),
 (1035,78,1,5,45),
 (1042,78,1,5,46),
 (1049,78,1,5,47),
 (1056,78,1,5,48),
 (1063,78,1,5,49),
 (1070,78,1,5,50),
 (1077,78,1,5,51),
 (1084,78,1,7,52),
 (1091,78,1,7,53),
 (1098,78,1,7,54),
 (1105,78,1,7,55),
 (1112,78,1,7,56),
 (1119,78,1,8,57),
 (1126,78,1,8,58),
 (1133,78,1,8,59),
 (1140,78,1,8,60),
 (1147,78,1,8,61),
 (1154,78,1,8,62),
 (1161,78,1,8,63),
 (1168,78,1,8,64),
 (1175,78,1,8,65),
 (1182,78,1,8,66),
 (1189,78,1,8,67),
 (1196,78,1,8,68),
 (1203,78,1,8,69),
 (1210,78,1,8,70),
 (1217,78,1,8,71),
 (1224,78,1,8,72),
 (1231,78,1,8,73),
 (1238,78,1,8,74),
 (1245,78,1,8,75),
 (1252,78,1,9,77),
 (1259,78,1,9,78),
 (800,79,1,1,11),
 (807,79,1,1,12),
 (814,79,1,1,13),
 (821,79,1,1,14),
 (828,79,1,1,15),
 (835,79,1,1,16),
 (842,79,1,1,17),
 (849,79,1,1,18),
 (856,79,1,1,19),
 (863,79,1,1,20),
 (870,79,1,1,21),
 (877,79,1,2,22),
 (884,79,1,2,23),
 (891,79,1,2,24),
 (898,79,1,2,25),
 (905,79,1,2,26),
 (912,79,1,2,27),
 (919,79,1,2,28),
 (926,79,1,2,29),
 (933,79,1,2,30),
 (940,79,1,2,31),
 (947,79,1,2,32),
 (954,79,1,2,33),
 (961,79,1,2,34),
 (968,79,1,2,35),
 (975,79,1,2,36),
 (982,79,1,3,37),
 (989,79,1,3,38),
 (996,79,1,3,39),
 (1003,79,1,3,40),
 (1010,79,1,3,41),
 (1017,79,1,3,42),
 (1024,79,1,3,43),
 (1031,79,1,3,44),
 (1038,79,1,5,45),
 (1045,79,1,5,46),
 (1052,79,1,5,47),
 (1059,79,1,5,48),
 (1066,79,1,5,49),
 (1073,79,1,5,50),
 (1080,79,1,5,51),
 (1087,79,1,7,52),
 (1094,79,1,7,53),
 (1101,79,1,7,54),
 (1108,79,1,7,55),
 (1115,79,1,7,56),
 (1122,79,1,8,57),
 (1129,79,1,8,58),
 (1136,79,1,8,59),
 (1143,79,1,8,60),
 (1150,79,1,8,61),
 (1157,79,1,8,62),
 (1164,79,1,8,63),
 (1171,79,1,8,64),
 (1178,79,1,8,65),
 (1185,79,1,8,66),
 (1192,79,1,8,67),
 (1199,79,1,8,68),
 (1206,79,1,8,69),
 (1213,79,1,8,70),
 (1220,79,1,8,71),
 (1227,79,1,8,72),
 (1234,79,1,8,73),
 (1241,79,1,8,74),
 (1248,79,1,8,75),
 (1255,79,1,9,77),
 (1262,79,1,9,78),
 (799,80,1,1,11),
 (806,80,1,1,12),
 (813,80,1,1,13),
 (820,80,1,1,14),
 (827,80,1,1,15),
 (834,80,1,1,16),
 (841,80,1,1,17),
 (848,80,1,1,18),
 (855,80,1,1,19),
 (862,80,1,1,20),
 (869,80,1,1,21),
 (876,80,1,2,22),
 (883,80,1,2,23),
 (890,80,1,2,24),
 (897,80,1,2,25),
 (904,80,1,2,26),
 (911,80,1,2,27),
 (918,80,1,2,28),
 (925,80,1,2,29),
 (932,80,1,2,30),
 (939,80,1,2,31),
 (946,80,1,2,32),
 (953,80,1,2,33),
 (960,80,1,2,34),
 (967,80,1,2,35),
 (974,80,1,2,36),
 (981,80,1,3,37),
 (988,80,1,3,38),
 (995,80,1,3,39),
 (1002,80,1,3,40),
 (1009,80,1,3,41),
 (1016,80,1,3,42),
 (1023,80,1,3,43),
 (1030,80,1,3,44),
 (1037,80,1,5,45),
 (1044,80,1,5,46),
 (1051,80,1,5,47),
 (1058,80,1,5,48),
 (1065,80,1,5,49),
 (1072,80,1,5,50),
 (1079,80,1,5,51),
 (1086,80,1,7,52),
 (1093,80,1,7,53),
 (1100,80,1,7,54),
 (1107,80,1,7,55),
 (1114,80,1,7,56),
 (1121,80,1,8,57),
 (1128,80,1,8,58),
 (1135,80,1,8,59),
 (1142,80,1,8,60),
 (1149,80,1,8,61),
 (1156,80,1,8,62),
 (1163,80,1,8,63),
 (1170,80,1,8,64),
 (1177,80,1,8,65),
 (1184,80,1,8,66),
 (1191,80,1,8,67),
 (1198,80,1,8,68),
 (1205,80,1,8,69),
 (1212,80,1,8,70),
 (1219,80,1,8,71),
 (1226,80,1,8,72),
 (1233,80,1,8,73),
 (1240,80,1,8,74),
 (1247,80,1,8,75),
 (1254,80,1,9,77),
 (1261,80,1,9,78),
 (796,81,1,1,11),
 (803,81,1,1,12),
 (810,81,1,1,13),
 (817,81,1,1,14),
 (824,81,1,1,15),
 (831,81,1,1,16),
 (838,81,1,1,17),
 (845,81,1,1,18),
 (852,81,1,1,19),
 (859,81,1,1,20),
 (866,81,1,1,21),
 (873,81,1,2,22),
 (880,81,1,2,23),
 (887,81,1,2,24),
 (894,81,1,2,25),
 (901,81,1,2,26),
 (908,81,1,2,27),
 (915,81,1,2,28),
 (922,81,1,2,29),
 (929,81,1,2,30),
 (936,81,1,2,31),
 (943,81,1,2,32),
 (950,81,1,2,33),
 (957,81,1,2,34),
 (964,81,1,2,35),
 (971,81,1,2,36),
 (978,81,1,3,37),
 (985,81,1,3,38),
 (992,81,1,3,39),
 (999,81,1,3,40),
 (1006,81,1,3,41),
 (1013,81,1,3,42),
 (1020,81,1,3,43),
 (1027,81,1,3,44),
 (1034,81,1,5,45),
 (1041,81,1,5,46),
 (1048,81,1,5,47),
 (1055,81,1,5,48),
 (1062,81,1,5,49),
 (1069,81,1,5,50),
 (1076,81,1,5,51),
 (1083,81,1,7,52),
 (1090,81,1,7,53),
 (1097,81,1,7,54),
 (1104,81,1,7,55),
 (1111,81,1,7,56),
 (1118,81,1,8,57),
 (1125,81,1,8,58),
 (1132,81,1,8,59),
 (1139,81,1,8,60),
 (1146,81,1,8,61),
 (1153,81,1,8,62),
 (1160,81,1,8,63),
 (1167,81,1,8,64),
 (1174,81,1,8,65),
 (1181,81,1,8,66),
 (1188,81,1,8,67),
 (1195,81,1,8,68),
 (1202,81,1,8,69),
 (1209,81,1,8,70),
 (1216,81,1,8,71),
 (1223,81,1,8,72),
 (1230,81,1,8,73),
 (1237,81,1,8,74),
 (1244,81,1,8,75),
 (1251,81,1,9,77),
 (1258,81,1,9,78),
 (1268,82,2,10,1),
 (1272,82,2,10,2),
 (1276,82,2,10,5),
 (1280,82,2,10,7),
 (1284,82,2,11,9),
 (1288,82,2,12,79),
 (1292,82,2,13,80),
 (1296,82,2,13,81),
 (1300,82,2,14,82),
 (1304,82,2,14,83),
 (1308,82,2,14,84),
 (1312,82,2,14,85),
 (1316,82,2,14,86),
 (1320,82,2,14,87),
 (1324,82,2,15,88),
 (1328,82,2,15,89),
 (1332,82,2,15,90),
 (1265,83,2,10,1),
 (1269,83,2,10,2),
 (1273,83,2,10,5),
 (1277,83,2,10,7),
 (1281,83,2,11,9),
 (1285,83,2,12,79),
 (1289,83,2,13,80),
 (1293,83,2,13,81),
 (1297,83,2,14,82),
 (1301,83,2,14,83),
 (1305,83,2,14,84),
 (1309,83,2,14,85),
 (1313,83,2,14,86),
 (1317,83,2,14,87),
 (1321,83,2,15,88),
 (1325,83,2,15,89),
 (1329,83,2,15,90),
 (1267,84,2,10,1),
 (1271,84,2,10,2),
 (1275,84,2,10,5),
 (1279,84,2,10,7),
 (1283,84,2,11,9),
 (1287,84,2,12,79),
 (1291,84,2,13,80),
 (1295,84,2,13,81),
 (1299,84,2,14,82),
 (1303,84,2,14,83),
 (1307,84,2,14,84),
 (1311,84,2,14,85),
 (1315,84,2,14,86),
 (1319,84,2,14,87),
 (1323,84,2,15,88),
 (1327,84,2,15,89),
 (1331,84,2,15,90),
 (802,85,1,1,11),
 (809,85,1,1,12),
 (816,85,1,1,13),
 (823,85,1,1,14),
 (830,85,1,1,15),
 (837,85,1,1,16),
 (844,85,1,1,17),
 (851,85,1,1,18),
 (858,85,1,1,19),
 (865,85,1,1,20),
 (872,85,1,1,21),
 (879,85,1,2,22),
 (886,85,1,2,23),
 (893,85,1,2,24),
 (900,85,1,2,25),
 (907,85,1,2,26),
 (914,85,1,2,27),
 (921,85,1,2,28),
 (928,85,1,2,29),
 (935,85,1,2,30),
 (942,85,1,2,31),
 (949,85,1,2,32),
 (956,85,1,2,33),
 (963,85,1,2,34),
 (970,85,1,2,35),
 (977,85,1,2,36),
 (984,85,1,3,37),
 (991,85,1,3,38),
 (998,85,1,3,39),
 (1005,85,1,3,40),
 (1012,85,1,3,41),
 (1019,85,1,3,42),
 (1026,85,1,3,43),
 (1033,85,1,3,44),
 (1040,85,1,5,45),
 (1047,85,1,5,46),
 (1054,85,1,5,47),
 (1061,85,1,5,48),
 (1068,85,1,5,49),
 (1075,85,1,5,50),
 (1082,85,1,5,51),
 (1089,85,1,7,52),
 (1096,85,1,7,53),
 (1103,85,1,7,54),
 (1110,85,1,7,55),
 (1117,85,1,7,56),
 (1124,85,1,8,57),
 (1131,85,1,8,58),
 (1138,85,1,8,59),
 (1145,85,1,8,60),
 (1152,85,1,8,61),
 (1159,85,1,8,62),
 (1166,85,1,8,63),
 (1173,85,1,8,64),
 (1180,85,1,8,65),
 (1187,85,1,8,66),
 (1194,85,1,8,67),
 (1201,85,1,8,68),
 (1208,85,1,8,69),
 (1215,85,1,8,70),
 (1222,85,1,8,71),
 (1229,85,1,8,72),
 (1236,85,1,8,73),
 (1243,85,1,8,74),
 (1250,85,1,8,75),
 (1257,85,1,9,77),
 (1264,85,1,9,78),
 (1401,86,2,10,1),
 (1402,86,2,10,2),
 (1403,86,2,10,5),
 (1404,86,2,10,7),
 (1405,86,2,11,9),
 (1406,86,2,12,79),
 (1407,86,2,13,80),
 (1408,86,2,13,81),
 (1409,86,2,14,82),
 (1410,86,2,14,83),
 (1411,86,2,14,84),
 (1412,86,2,14,85),
 (1413,86,2,14,86),
 (1414,86,2,14,87),
 (1415,86,2,15,88),
 (1416,86,2,15,89),
 (1417,86,2,15,90),
 (798,87,1,1,11),
 (805,87,1,1,12),
 (812,87,1,1,13),
 (819,87,1,1,14),
 (826,87,1,1,15),
 (833,87,1,1,16),
 (840,87,1,1,17),
 (847,87,1,1,18),
 (854,87,1,1,19),
 (861,87,1,1,20),
 (868,87,1,1,21),
 (875,87,1,2,22),
 (882,87,1,2,23),
 (889,87,1,2,24),
 (896,87,1,2,25),
 (903,87,1,2,26),
 (910,87,1,2,27),
 (917,87,1,2,28),
 (924,87,1,2,29),
 (931,87,1,2,30),
 (938,87,1,2,31),
 (945,87,1,2,32),
 (952,87,1,2,33),
 (959,87,1,2,34),
 (966,87,1,2,35),
 (973,87,1,2,36),
 (980,87,1,3,37),
 (987,87,1,3,38),
 (994,87,1,3,39),
 (1001,87,1,3,40),
 (1008,87,1,3,41),
 (1015,87,1,3,42),
 (1022,87,1,3,43),
 (1029,87,1,3,44),
 (1036,87,1,5,45),
 (1043,87,1,5,46),
 (1050,87,1,5,47),
 (1057,87,1,5,48),
 (1064,87,1,5,49),
 (1071,87,1,5,50),
 (1078,87,1,5,51),
 (1085,87,1,7,52),
 (1092,87,1,7,53),
 (1099,87,1,7,54),
 (1106,87,1,7,55),
 (1113,87,1,7,56),
 (1120,87,1,8,57),
 (1127,87,1,8,58),
 (1134,87,1,8,59),
 (1141,87,1,8,60),
 (1148,87,1,8,61),
 (1155,87,1,8,62),
 (1162,87,1,8,63),
 (1169,87,1,8,64),
 (1176,87,1,8,65),
 (1183,87,1,8,66),
 (1190,87,1,8,67),
 (1197,87,1,8,68),
 (1204,87,1,8,69),
 (1211,87,1,8,70),
 (1218,87,1,8,71),
 (1225,87,1,8,72),
 (1232,87,1,8,73),
 (1239,87,1,8,74),
 (1246,87,1,8,75),
 (1253,87,1,9,77),
 (1260,87,1,9,78);
/*!40000 ALTER TABLE `marca_catsubcatgrupo` ENABLE KEYS */;


--
-- Definition of table `pais`
--

DROP TABLE IF EXISTS `pais`;
CREATE TABLE `pais` (
  `id` int(11) NOT NULL AUTO_INCREMENT,
  `name` varchar(255) DEFAULT NULL,
  `continente_id` int(11) NOT NULL,
  PRIMARY KEY (`id`),
  KEY `continente_id` (`continente_id`),
  CONSTRAINT `pais_ibfk_1` FOREIGN KEY (`continente_id`) REFERENCES `continente` (`id`)
) ENGINE=InnoDB AUTO_INCREMENT=19 DEFAULT CHARSET=utf8;

--
-- Dumping data for table `pais`
--

/*!40000 ALTER TABLE `pais` DISABLE KEYS */;
INSERT INTO `pais` (`id`,`name`,`continente_id`) VALUES 
 (1,'Sensores de presion',1),
 (2,'Sensores de temperatura',1),
 (3,'Sensores de caudal',1),
 (5,'Sensores de nivel',1),
 (7,'Sensores de fuerza',1),
 (8,'Sensores de movimiento y posicion',1),
 (9,'Sensores de color',1),
 (10,'Proteccion respiratoria',2),
 (11,'Proteccion de la cabeza',2),
 (12,'Proteccion de ojos y cara',2),
 (13,'Proteccion auditiva',2),
 (14,'Proteccion de manos y brazos',2),
 (15,'Proteccion para los pies',2),
 (16,'Descartables',2),
 (17,'Uniformes',2),
 (18,'CCVTV',2);
/*!40000 ALTER TABLE `pais` ENABLE KEYS */;

--
-- Create schema strasourcing_spa
--

CREATE DATABASE IF NOT EXISTS strasourcing_spa;
USE strasourcing_spa;

--
-- Definition of table `acciones`
--

DROP TABLE IF EXISTS `acciones`;
CREATE TABLE `acciones` (
  `id` int(10) unsigned NOT NULL AUTO_INCREMENT,
  `fecha` datetime NOT NULL,
  `usuario` varchar(45) NOT NULL,
  `accion` varchar(45) NOT NULL,
  PRIMARY KEY (`id`)
) ENGINE=InnoDB DEFAULT CHARSET=utf8mb4;

--
-- Dumping data for table `acciones`
--

/*!40000 ALTER TABLE `acciones` DISABLE KEYS */;
/*!40000 ALTER TABLE `acciones` ENABLE KEYS */;


--
-- Definition of table `bigdata_in`
--

DROP TABLE IF EXISTS `bigdata_in`;
CREATE TABLE `bigdata_in` (
  `id` int(10) unsigned NOT NULL AUTO_INCREMENT,
  `idusuario` int(10) unsigned NOT NULL DEFAULT 0,
  `datetime` datetime NOT NULL,
  `programa` varchar(45) NOT NULL DEFAULT ' ',
  `agregar` tinyint(1) NOT NULL DEFAULT 0,
  `modificar` tinyint(1) NOT NULL DEFAULT 0,
  `eliminar` tinyint(1) NOT NULL DEFAULT 0,
  `consultar` tinyint(1) NOT NULL DEFAULT 0,
  `idempresa` int(10) unsigned NOT NULL DEFAULT 0,
  `tipo` int(10) unsigned NOT NULL DEFAULT 0,
  `idmarca` int(10) unsigned NOT NULL DEFAULT 0,
  `idcategoria` int(10) unsigned NOT NULL DEFAULT 0,
  `idsubcategoria` int(10) unsigned NOT NULL DEFAULT 0,
  `idgrupo` int(10) unsigned NOT NULL DEFAULT 0,
  `preferencia` int(10) unsigned NOT NULL DEFAULT 0,
  `nombre_filtro` varchar(45) NOT NULL,
  `estado` int(10) unsigned NOT NULL DEFAULT 0,
  `ciudad` int(10) unsigned NOT NULL DEFAULT 0,
  `tipo_empresa` int(10) unsigned NOT NULL DEFAULT 0,
  `sector` int(10) unsigned NOT NULL DEFAULT 0,
  `internet` int(10) unsigned NOT NULL DEFAULT 0,
  `verificacion` int(10) unsigned NOT NULL DEFAULT 0,
  `idorigen` varchar(4) NOT NULL DEFAULT '0',
  PRIMARY KEY (`id`)
) ENGINE=InnoDB AUTO_INCREMENT=1709 DEFAULT CHARSET=utf8mb4 COMMENT='bigdata_adentro';

--
-- Dumping data for table `bigdata_in`
--

/*!40000 ALTER TABLE `bigdata_in` DISABLE KEYS */;
INSERT INTO `bigdata_in` (`id`,`idusuario`,`datetime`,`programa`,`agregar`,`modificar`,`eliminar`,`consultar`,`idempresa`,`tipo`,`idmarca`,`idcategoria`,`idsubcategoria`,`idgrupo`,`preferencia`,`nombre_filtro`,`estado`,`ciudad`,`tipo_empresa`,`sector`,`internet`,`verificacion`,`idorigen`) VALUES 
 (404,7,'2023-09-01 12:40:33','directorioCategorias',0,0,0,1,19335,3,0,0,0,0,0,'',0,0,0,0,0,0,'0'),
 (405,7,'2023-09-01 12:40:33','directorioCategorias',0,0,0,1,19335,3,0,0,0,0,0,'',0,0,0,0,0,0,'0'),
 (408,7,'2023-09-02 12:40:41','directorioCategorias',0,0,0,1,19335,3,0,0,0,0,0,'',0,0,0,0,0,0,'0'),
 (409,7,'2023-09-02 12:40:42','directorioCategorias',0,0,0,1,19335,3,0,0,0,0,0,'',0,0,0,0,0,0,'0'),
 (410,7,'2023-08-30 12:40:43','spaDirectorio_categorias',0,0,0,1,19335,3,0,0,0,0,0,'',0,0,0,0,0,0,'0'),
 (411,7,'2023-08-30 12:40:44','spaDirectorio_categorias',0,0,0,1,19335,3,0,0,0,0,0,'',0,0,0,0,0,0,'0'),
 (414,7,'2023-09-03 12:44:10','directorioCategorias',0,0,0,1,19335,3,0,0,0,0,0,'',0,0,0,0,0,0,'0'),
 (415,7,'2023-09-04 12:44:10','directorioCategorias',0,0,0,1,19335,3,0,0,0,0,0,'',0,0,0,0,0,0,'0'),
 (416,7,'2023-08-30 12:44:14','spaDirectorio_categorias',0,0,0,1,19335,3,0,0,0,0,0,'',0,0,0,0,0,0,'0'),
 (417,7,'2023-08-30 12:44:15','spaDirectorio_categorias',0,0,0,1,19335,3,0,0,0,0,0,'',0,0,0,0,0,0,'0'),
 (418,7,'2023-08-30 12:45:49','spaDirectorio_categorias',0,0,0,1,19335,3,0,0,0,0,0,'',0,0,0,0,0,0,'0'),
 (419,7,'2023-08-30 12:45:50','spaDirectorio_categorias',0,0,0,1,19335,3,0,0,0,0,0,'',0,0,0,0,0,0,'0'),
 (420,7,'2023-08-30 12:47:56','spaDirectorio_categorias',0,0,0,1,19335,3,0,0,0,0,0,'',0,0,0,0,0,0,'0'),
 (421,7,'2023-08-30 12:47:56','spaDirectorio_categorias',0,0,0,1,19335,3,0,0,0,0,0,'',0,0,0,0,0,0,'0'),
 (422,7,'2023-08-30 12:49:36','spaDirectorio_categorias',0,0,0,1,19335,3,0,0,0,0,0,'',0,0,0,0,0,0,'0'),
 (423,7,'2023-08-30 13:30:38','spaDirectorio_categorias',0,0,0,1,19335,3,0,0,0,0,0,'',0,0,0,0,0,0,'0'),
 (424,7,'2023-08-30 13:30:39','spaDirectorio_categorias',0,0,0,1,19335,3,0,0,0,0,0,'',0,0,0,0,0,0,'0'),
 (438,11,'2023-08-30 16:59:49','directorioCategorias',0,0,0,1,0,1,0,0,0,0,0,'',0,0,0,0,0,0,'0'),
 (439,11,'2023-08-30 16:59:49','directorioCategorias',0,0,0,1,0,1,0,0,0,0,0,'',0,0,0,0,0,0,'0'),
 (440,11,'2023-08-30 16:59:51','spaDirectorio_categorias',0,0,0,1,0,1,0,0,0,0,0,'',0,0,0,0,0,0,'0'),
 (441,11,'2023-08-30 16:59:51','spaDirectorio_categorias',0,0,0,1,0,1,0,0,0,0,0,'',0,0,0,0,0,0,'0'),
 (446,11,'2023-08-30 17:03:11','directorioCategorias',0,0,0,1,0,1,0,0,0,0,0,'',0,0,0,0,0,0,'0'),
 (447,11,'2023-08-30 17:03:12','directorioCategorias',0,0,0,1,0,1,0,0,0,0,0,'',0,0,0,0,0,0,'0'),
 (448,11,'2023-08-30 17:03:19','spaDirectorio_categorias',0,0,0,1,0,1,0,0,0,0,0,'',0,0,0,0,0,0,'0'),
 (449,11,'2023-08-30 17:03:20','spaDirectorio_categorias',0,0,0,1,0,1,0,0,0,0,0,'',0,0,0,0,0,0,'0'),
 (450,11,'2023-08-30 17:04:21','spaDirectorio_categorias',0,0,0,1,0,1,0,0,0,0,0,'',0,0,0,0,0,0,'0'),
 (451,11,'2023-08-30 17:04:22','spaDirectorio_categorias',0,0,0,1,0,1,0,0,0,0,0,'',0,0,0,0,0,0,'0'),
 (454,11,'2023-08-30 17:04:28','directorioCategorias',0,0,0,1,0,1,0,0,0,0,0,'',0,0,0,0,0,0,'0'),
 (455,11,'2023-08-30 17:04:29','directorioCategorias',0,0,0,1,0,1,0,0,0,0,0,'',0,0,0,0,0,0,'0'),
 (478,11,'2023-09-04 09:58:40','login',0,0,0,1,0,1,0,0,0,0,0,'',0,0,0,0,0,0,'0'),
 (479,11,'2023-09-04 09:59:10','login',0,0,0,1,0,1,0,0,0,0,0,'',0,0,0,0,0,0,'0'),
 (480,11,'2023-09-04 09:59:32','login',0,0,0,1,0,1,0,0,0,0,0,'',0,0,0,0,0,0,'0'),
 (481,11,'2023-09-04 10:00:44','login',0,0,0,1,0,1,0,0,0,0,0,'',0,0,0,0,0,0,'0'),
 (484,11,'2023-09-04 10:00:55','directorioCategorias',0,0,0,1,0,1,0,0,0,0,0,'',0,0,0,0,0,0,'0'),
 (485,11,'2023-09-04 10:00:56','directorioCategorias',0,0,0,1,0,1,0,0,0,0,0,'',0,0,0,0,0,0,'0'),
 (486,11,'2023-09-04 10:23:05','directorioCategorias',0,0,0,1,0,1,0,0,0,0,0,'',0,0,0,0,0,0,'0'),
 (487,11,'2023-09-04 10:23:06','directorioCategorias',0,0,0,1,0,1,0,0,0,0,0,'',0,0,0,0,0,0,'0'),
 (488,11,'2023-09-04 10:57:27','directorioCategorias',0,0,0,1,0,1,0,0,0,0,0,'',0,0,0,0,0,0,'0'),
 (489,11,'2023-09-04 10:57:28','directorioCategorias',0,0,0,1,0,1,0,0,0,0,0,'',0,0,0,0,0,0,'0'),
 (490,11,'2023-09-04 11:04:36','directorioCategorias',0,0,0,1,0,1,0,0,0,0,0,'',0,0,0,0,0,0,'0'),
 (491,11,'2023-09-04 11:04:37','directorioCategorias',0,0,0,1,0,1,0,0,0,0,0,'',0,0,0,0,0,0,'0'),
 (492,11,'2023-09-04 11:04:42','spaDirectorio_categorias',0,0,0,1,0,1,0,0,0,0,0,'',0,0,0,0,0,0,'0'),
 (493,11,'2023-09-04 11:04:42','spaDirectorio_categorias',0,0,0,1,0,1,0,0,0,0,0,'',0,0,0,0,0,0,'0'),
 (494,11,'2023-09-04 11:04:46','directorioCategorias',0,0,0,1,0,1,0,0,0,0,0,'',0,0,0,0,0,0,'0'),
 (495,11,'2023-09-04 11:04:46','directorioCategorias',0,0,0,1,0,1,0,0,0,0,0,'',0,0,0,0,0,0,'0'),
 (496,11,'2023-09-04 11:04:51','spaDirectorio_categorias',0,0,0,1,0,1,0,0,0,0,0,'',0,0,0,0,0,0,'0'),
 (497,11,'2023-09-04 11:04:51','spaDirectorio_categorias',0,0,0,1,0,1,0,0,0,0,0,'',0,0,0,0,0,0,'0'),
 (498,11,'2023-09-04 11:04:59','directorioCategorias',0,0,0,1,0,1,0,0,0,0,0,'',0,0,0,0,0,0,'0'),
 (499,11,'2023-09-04 11:04:59','directorioCategorias',0,0,0,1,0,1,0,0,0,0,0,'',0,0,0,0,0,0,'0'),
 (500,11,'2023-09-04 11:08:24','directorioCategorias',0,0,0,1,0,1,0,0,0,0,0,'',0,0,0,0,0,0,'0'),
 (501,11,'2023-09-04 11:08:25','directorioCategorias',0,0,0,1,0,1,0,0,0,0,0,'',0,0,0,0,0,0,'0'),
 (502,11,'2023-09-04 11:08:57','directorioCategorias',0,0,0,1,0,1,0,0,0,0,0,'',0,0,0,0,0,0,'0'),
 (503,11,'2023-09-04 11:08:58','directorioCategorias',0,0,0,1,0,1,0,0,0,0,0,'',0,0,0,0,0,0,'0'),
 (504,11,'2023-09-04 11:10:03','directorioCategorias',0,0,0,1,0,1,0,0,0,0,0,'',0,0,0,0,0,0,'0'),
 (505,11,'2023-09-04 11:10:03','directorioCategorias',0,0,0,1,0,1,0,0,0,0,0,'',0,0,0,0,0,0,'0'),
 (506,11,'2023-09-04 11:10:38','directorioCategorias',0,0,0,1,0,1,0,0,0,0,0,'',0,0,0,0,0,0,'0'),
 (507,11,'2023-09-04 11:10:39','directorioCategorias',0,0,0,1,0,1,0,0,0,0,0,'',0,0,0,0,0,0,'0'),
 (508,11,'2023-09-04 11:12:00','directorioCategorias',0,0,0,1,0,1,0,0,0,0,0,'',0,0,0,0,0,0,'0'),
 (509,11,'2023-09-04 11:12:00','directorioCategorias',0,0,0,1,0,1,0,0,0,0,0,'',0,0,0,0,0,0,'0'),
 (510,7,'2023-09-04 15:30:52','login',0,0,0,1,19335,3,0,0,0,0,0,'',0,0,0,0,0,0,'0'),
 (515,11,'2023-09-04 16:45:46','login',0,0,0,1,0,1,0,0,0,0,0,'',0,0,0,0,0,0,'0'),
 (518,11,'2023-09-04 16:47:43','login',0,0,0,1,0,1,0,0,0,0,0,'',0,0,0,0,0,0,'0'),
 (521,11,'2023-09-04 16:56:49','login',0,0,0,1,0,1,0,0,0,0,0,'',0,0,0,0,0,0,'0'),
 (524,11,'2023-09-04 18:57:53','login',0,0,0,1,0,1,0,0,0,0,0,'',0,0,0,0,0,0,'0'),
 (527,11,'2023-09-04 18:57:58','directorioCategorias',0,0,0,1,0,1,0,0,0,0,0,'',0,0,0,0,0,0,'0'),
 (528,11,'2023-09-04 18:57:58','directorioCategorias',0,0,0,1,0,1,0,0,0,0,0,'',0,0,0,0,0,0,'0'),
 (529,11,'2023-09-05 10:52:08','login',0,0,0,1,0,1,0,0,0,0,0,'',0,0,0,0,0,0,'0'),
 (532,11,'2023-09-05 10:52:49','login',0,0,0,1,0,1,0,0,0,0,0,'',0,0,0,0,0,0,'0'),
 (535,7,'2023-09-05 10:56:04','login',0,0,0,1,19335,3,0,0,0,0,0,'',0,0,0,0,0,0,'0'),
 (540,7,'2023-09-05 10:58:01','login',0,0,0,1,19335,3,0,0,0,0,0,'',0,0,0,0,0,0,'0'),
 (543,7,'2023-09-05 10:58:56','login',0,0,0,1,19335,3,0,0,0,0,0,'',0,0,0,0,0,0,'0'),
 (544,7,'2023-09-05 11:02:00','login',0,0,0,1,19335,3,0,0,0,0,0,'',0,0,0,0,0,0,'0'),
 (545,7,'2023-09-05 11:02:27','login',0,0,0,1,19335,3,0,0,0,0,0,'',0,0,0,0,0,0,'0'),
 (546,7,'2023-09-05 11:02:43','login',0,0,0,1,19335,3,0,0,0,0,0,'',0,0,0,0,0,0,'0'),
 (547,7,'2023-09-05 11:03:37','login',0,0,0,1,19335,3,0,0,0,0,0,'',0,0,0,0,0,0,'0'),
 (548,7,'2023-09-05 11:04:10','login',0,0,0,1,19335,3,0,0,0,0,0,'',0,0,0,0,0,0,'0'),
 (549,7,'2023-09-05 11:06:07','login',0,0,0,1,19335,3,0,0,0,0,0,'',0,0,0,0,0,0,'0'),
 (550,7,'2023-09-05 11:06:57','login',0,0,0,1,19335,3,0,0,0,0,0,'',0,0,0,0,0,0,'0'),
 (553,11,'2023-09-05 11:08:05','login',0,0,0,1,0,1,0,0,0,0,0,'',0,0,0,0,0,0,'0'),
 (558,7,'2023-09-05 11:10:59','login',0,0,0,1,19335,3,0,0,0,0,0,'',0,0,0,0,0,0,'0'),
 (561,11,'2023-09-05 11:44:51','login',0,0,0,1,0,1,0,0,0,0,0,'',0,0,0,0,0,0,'0'),
 (564,7,'2023-09-05 12:21:13','login',0,0,0,1,19335,3,0,0,0,0,0,'',0,0,0,0,0,0,'0'),
 (567,7,'2023-09-05 12:23:26','login',0,0,0,1,19335,3,0,0,0,0,0,'',0,0,0,0,0,0,'0'),
 (568,7,'2023-09-05 12:31:31','login',0,0,0,1,19335,3,0,0,0,0,0,'',0,0,0,0,0,0,'0'),
 (569,7,'2023-09-05 12:38:27','login',0,0,0,1,19335,3,0,0,0,0,0,'',0,0,0,0,0,0,'0'),
 (570,7,'2023-09-05 12:49:17','login',0,0,0,1,19335,3,0,0,0,0,0,'',0,0,0,0,0,0,'0'),
 (571,7,'2023-09-05 12:49:31','login',0,0,0,1,19335,3,0,0,0,0,0,'',0,0,0,0,0,0,'0'),
 (572,11,'2023-09-05 12:50:20','login',0,0,0,1,0,1,0,0,0,0,0,'',0,0,0,0,0,0,'0'),
 (573,11,'2023-09-05 12:51:33','login',0,0,0,1,0,1,0,0,0,0,0,'',0,0,0,0,0,0,'0'),
 (574,11,'2023-09-05 12:51:48','login',0,0,0,1,0,1,0,0,0,0,0,'',0,0,0,0,0,0,'0'),
 (575,11,'2023-09-05 12:55:09','login',0,0,0,1,0,1,0,0,0,0,0,'',0,0,0,0,0,0,'0'),
 (578,11,'2023-09-05 12:56:11','login',0,0,0,1,0,1,0,0,0,0,0,'',0,0,0,0,0,0,'0'),
 (581,7,'2023-09-05 12:58:28','login',0,0,0,1,19335,3,0,0,0,0,0,'',0,0,0,0,0,0,'0'),
 (584,7,'2023-09-05 12:59:05','login',0,0,0,1,19335,3,0,0,0,0,0,'',0,0,0,0,0,0,'0'),
 (587,7,'2023-09-05 12:59:51','login',0,0,0,1,19335,3,0,0,0,0,0,'',0,0,0,0,0,0,'0'),
 (590,7,'2023-09-05 13:01:25','login',0,0,0,1,19335,3,0,0,0,0,0,'',0,0,0,0,0,0,'0'),
 (593,7,'2023-09-05 13:03:13','login',0,0,0,1,19335,3,0,0,0,0,0,'',0,0,0,0,0,0,'0'),
 (594,7,'2023-09-05 13:05:03','login',0,0,0,1,19335,3,0,0,0,0,0,'',0,0,0,0,0,0,'0'),
 (599,7,'2023-09-05 13:07:10','login',0,0,0,1,19335,3,0,0,0,0,0,'',0,0,0,0,0,0,'0'),
 (600,7,'2023-09-05 13:11:19','login',0,0,0,1,19335,3,0,0,0,0,0,'',0,0,0,0,0,0,'0'),
 (601,7,'2023-09-05 13:17:38','login',0,0,0,1,19335,3,0,0,0,0,0,'',0,0,0,0,0,0,'0'),
 (602,7,'2023-09-05 13:23:02','login',0,0,0,1,19335,3,0,0,0,0,0,'',0,0,0,0,0,0,'0'),
 (605,7,'2023-09-05 13:26:57','login',0,0,0,1,19335,3,0,0,0,0,0,'',0,0,0,0,0,0,'0'),
 (608,7,'2023-09-05 13:27:24','login',0,0,0,1,19335,3,0,0,0,0,0,'',0,0,0,0,0,0,'0'),
 (609,7,'2023-09-05 13:28:48','login',0,0,0,1,19335,3,0,0,0,0,0,'',0,0,0,0,0,0,'0'),
 (610,7,'2023-09-05 13:29:30','login',0,0,0,1,19335,3,0,0,0,0,0,'',0,0,0,0,0,0,'0'),
 (611,7,'2023-09-05 13:29:45','login',0,0,0,1,19335,3,0,0,0,0,0,'',0,0,0,0,0,0,'0'),
 (612,7,'2023-09-05 13:32:27','login',0,0,0,1,19335,3,0,0,0,0,0,'',0,0,0,0,0,0,'0'),
 (613,7,'2023-09-05 13:33:00','login',0,0,0,1,19335,3,0,0,0,0,0,'',0,0,0,0,0,0,'0'),
 (614,7,'2023-09-05 13:33:43','login',0,0,0,1,19335,3,0,0,0,0,0,'',0,0,0,0,0,0,'0'),
 (615,7,'2023-09-05 13:36:12','login',0,0,0,1,19335,3,0,0,0,0,0,'',0,0,0,0,0,0,'0'),
 (616,7,'2023-09-05 13:36:38','login',0,0,0,1,19335,3,0,0,0,0,0,'',0,0,0,0,0,0,'0'),
 (617,7,'2023-09-05 13:40:06','login',0,0,0,1,19335,3,0,0,0,0,0,'',0,0,0,0,0,0,'0'),
 (618,7,'2023-09-05 13:40:45','login',0,0,0,1,19335,3,0,0,0,0,0,'',0,0,0,0,0,0,'0'),
 (619,7,'2023-09-05 13:40:58','login',0,0,0,1,19335,3,0,0,0,0,0,'',0,0,0,0,0,0,'0'),
 (626,8,'2023-09-05 13:57:12','login',0,0,0,1,19362,4,0,0,0,0,0,'',0,0,0,0,0,0,'0'),
 (627,8,'2023-09-05 13:57:12','directorioCategorias',0,0,0,1,19362,4,0,0,0,0,0,'',0,0,0,0,0,0,'0'),
 (628,8,'2023-09-05 13:57:14','directorioCategorias',0,0,0,1,19362,4,0,0,0,0,0,'',0,0,0,0,0,0,'0'),
 (629,8,'2023-09-06 11:33:02','directorioCategorias',0,0,0,1,19362,4,0,0,0,0,0,'',0,0,0,0,0,0,'0'),
 (630,8,'2023-09-06 11:33:04','directorioCategorias',0,0,0,1,19362,4,0,0,0,0,0,'',0,0,0,0,0,0,'0'),
 (631,8,'2023-09-06 11:40:35','directorioCategorias',0,0,0,1,19362,4,0,0,0,0,0,'',0,0,0,0,0,0,'0'),
 (632,8,'2023-09-07 11:40:36','directorioCategorias',0,0,0,1,19362,4,0,0,0,0,0,'',0,0,0,0,0,0,'0'),
 (633,8,'2023-09-07 11:55:38','directorioCategorias',0,0,0,1,19362,4,0,0,0,0,0,'',0,0,0,0,0,0,'0'),
 (634,8,'2023-09-07 11:55:40','directorioCategorias',0,0,0,1,19362,4,0,0,0,0,0,'',0,0,0,0,0,0,'0'),
 (635,8,'2023-09-08 11:56:01','directorioCategorias',0,0,0,1,19362,4,0,0,0,0,0,'',0,0,0,0,0,0,'0'),
 (636,8,'2023-09-08 11:56:02','directorioCategorias',0,0,0,1,19362,4,0,0,0,0,0,'',0,0,0,0,0,0,'0'),
 (637,11,'2023-09-06 11:57:04','login',0,0,0,1,0,1,0,0,0,0,0,'',0,0,0,0,0,0,'0'),
 (729,11,'2023-09-06 15:37:15','login',0,0,0,1,0,1,0,0,0,0,0,'',0,0,0,0,0,0,'0'),
 (744,11,'2023-09-11 10:35:43','login',0,0,0,1,0,1,0,0,0,0,0,'',0,0,0,0,0,0,'0'),
 (854,11,'2023-09-11 13:00:48','directorioCategorias',0,0,0,1,0,1,0,0,0,0,0,'',0,0,0,0,0,0,'0'),
 (855,11,'2023-09-11 13:00:48','directorioCategorias',0,0,0,1,0,1,0,0,0,0,0,'',0,0,0,0,0,0,'0'),
 (860,11,'2023-09-11 13:04:11','directorioCategorias',0,0,0,1,0,1,0,0,0,0,0,'',0,0,0,0,0,0,'0'),
 (861,11,'2023-09-11 13:04:11','directorioCategorias',0,0,0,1,0,1,0,0,0,0,0,'',0,0,0,0,0,0,'0'),
 (864,11,'2023-09-11 13:04:53','directorioCategorias',0,0,0,1,0,1,0,0,0,0,0,'',0,0,0,0,0,0,'0'),
 (865,11,'2023-09-11 13:04:53','directorioCategorias',0,0,0,1,0,1,0,0,0,0,0,'',0,0,0,0,0,0,'0'),
 (876,11,'2023-09-11 14:58:22','login',0,0,0,1,0,1,0,0,0,0,0,'',0,0,0,0,0,0,'0'),
 (951,11,'2023-09-11 16:03:37','login',0,0,0,1,0,1,0,0,0,0,0,'',0,0,0,0,0,0,'0'),
 (998,11,'2023-09-11 17:17:12','directorioCategorias',0,0,0,1,0,1,0,0,0,0,0,'',0,0,0,0,0,0,'0'),
 (999,11,'2023-09-11 17:17:12','directorioCategorias',0,0,0,1,0,1,0,0,0,0,0,'',0,0,0,0,0,0,'0'),
 (1000,11,'2023-09-11 17:17:21','spaDirectorio_categorias',0,0,0,1,0,1,0,0,0,0,0,'',0,0,0,0,0,0,'0'),
 (1001,11,'2023-09-11 17:17:21','spaDirectorio_categorias',0,0,0,1,0,1,0,0,0,0,0,'',0,0,0,0,0,0,'0'),
 (1004,11,'2023-09-11 17:17:55','login',0,0,0,1,0,1,0,0,0,0,0,'',0,0,0,0,0,0,'0'),
 (1007,11,'2023-09-12 15:44:08','login',0,0,0,1,0,1,0,0,0,0,0,'',0,0,0,0,0,0,'0'),
 (1008,11,'2023-09-12 15:44:10','login',0,0,0,1,0,1,0,0,0,0,0,'',0,0,0,0,0,0,'0'),
 (1010,7,'2023-09-12 15:46:51','login',0,0,0,1,19335,3,0,0,0,0,0,'',0,0,0,0,0,0,'0'),
 (1011,7,'2023-09-12 15:46:52','login',0,0,0,1,19335,3,0,0,0,0,0,'',0,0,0,0,0,0,'0'),
 (1013,7,'2023-09-12 16:50:30','directorioCategorias',0,0,0,1,19335,3,0,0,0,0,0,'',0,0,0,0,0,0,'0'),
 (1014,7,'2023-09-12 17:00:20','spaDirectorio_categorias',0,0,0,1,19335,3,0,0,0,0,0,'',0,0,0,0,0,0,'0'),
 (1015,7,'2023-09-12 17:02:42','directorioCategorias',0,0,0,1,19335,3,0,0,0,0,0,'',0,0,0,0,0,0,'0'),
 (1016,7,'2023-09-12 17:03:29','spaDirectorio_categorias',0,0,0,1,19335,3,0,0,0,0,0,'',0,0,0,0,0,0,'0'),
 (1036,7,'2023-09-14 13:32:28','login',0,0,0,1,19335,3,0,0,0,0,0,'',0,0,0,0,0,0,'0'),
 (1039,7,'2023-09-14 13:32:32','directorioCategorias',0,0,0,1,19335,3,0,0,0,0,0,'',0,0,0,0,0,0,'0'),
 (1040,7,'2023-09-14 13:32:33','directorioCategorias',0,0,0,1,19335,3,0,0,0,0,0,'',0,0,0,0,0,0,'0'),
 (1041,7,'2023-09-14 13:32:34','spaDirectorio_categorias',0,0,0,1,19335,3,0,0,0,0,0,'',0,0,0,0,0,0,'0'),
 (1042,7,'2023-09-14 13:32:35','spaDirectorio_categorias',0,0,0,1,19335,3,0,0,0,0,0,'',0,0,0,0,0,0,'0'),
 (1043,7,'2023-09-14 13:32:46','fichaTecnica',0,0,0,1,19335,3,77,1,1,16,1,'',0,0,0,0,0,0,'0'),
 (1061,7,'2023-09-14 14:47:03','fichaTecnica',0,0,0,1,19335,3,77,1,1,16,1,'',0,0,0,0,0,0,'0'),
 (1062,7,'2023-09-14 14:47:05','fichaTecnica',0,0,0,1,19335,3,77,1,1,16,1,'',0,0,0,0,0,0,'0'),
 (1286,7,'2023-08-14 19:36:33','fichaTecnica',0,0,0,1,19362,3,77,1,1,16,1,'',0,0,0,0,0,0,'0'),
 (1288,7,'2023-08-14 19:36:39','fichaTecnica',0,0,0,1,19335,3,77,1,1,16,1,'',0,0,0,0,0,0,'0'),
 (1293,7,'2023-09-15 11:12:17','login',0,0,0,1,19335,3,0,0,0,0,0,'',0,0,0,0,0,0,'0'),
 (1296,7,'2023-09-15 11:39:47','directorioCategorias',0,0,0,1,19335,3,0,0,0,0,0,'',0,0,0,0,0,0,'0'),
 (1297,7,'2023-09-15 11:39:48','directorioCategorias',0,0,0,1,19335,3,0,0,0,0,0,'',0,0,0,0,0,0,'0'),
 (1298,7,'2023-08-15 11:39:52','fichaTecnica',0,0,0,1,19335,3,77,2,1,16,1,'',0,0,0,0,0,0,'0'),
 (1299,7,'2023-08-15 11:39:52','fichaTecnica',0,0,0,1,19362,3,77,2,1,16,1,'',0,0,0,0,0,0,'0'),
 (1361,7,'2023-09-18 15:17:37','login',0,0,0,1,19335,3,0,0,0,0,0,'',0,0,0,0,0,0,'0'),
 (1362,7,'2023-09-18 20:31:22','login',0,0,0,1,19335,3,0,0,0,0,0,'',0,0,0,0,0,0,'0'),
 (1363,8,'2023-09-19 09:28:56','login',0,0,0,1,19362,4,0,0,0,0,0,'',0,0,0,0,0,0,'0'),
 (1364,11,'2023-09-19 10:02:48','login',0,0,0,1,0,1,0,0,0,0,0,'',0,0,0,0,0,0,'0'),
 (1365,8,'2023-09-19 13:13:40','login',0,0,0,1,19362,4,0,0,0,0,0,'',0,0,0,0,0,0,'0'),
 (1366,8,'2023-09-19 14:36:38','login',0,0,0,1,19362,4,0,0,0,0,0,'',0,0,0,0,0,0,'0'),
 (1367,11,'2023-09-20 12:13:02','login',0,0,0,1,0,1,0,0,0,0,0,'',0,0,0,0,0,0,'0'),
 (1368,8,'2023-09-20 12:20:14','login',0,0,0,1,19362,4,0,0,0,0,0,'',0,0,0,0,0,0,'0'),
 (1369,11,'2023-09-20 12:22:01','login',0,0,0,1,0,1,0,0,0,0,0,'',0,0,0,0,0,0,'0'),
 (1370,7,'2023-09-20 12:22:12','login',0,0,0,1,19335,3,0,0,0,0,0,'',0,0,0,0,0,0,'0'),
 (1371,11,'2023-09-20 12:27:47','login',0,0,0,1,0,1,0,0,0,0,0,'',0,0,0,0,0,0,'0'),
 (1372,7,'2023-09-20 12:32:24','login',0,0,0,1,19335,3,0,0,0,0,0,'',0,0,0,0,0,0,'0'),
 (1373,11,'2023-09-20 12:32:38','login',0,0,0,1,0,1,0,0,0,0,0,'',0,0,0,0,0,0,'0'),
 (1374,11,'2023-09-20 12:32:56','login',0,0,0,1,0,1,0,0,0,0,0,'',0,0,0,0,0,0,'0'),
 (1375,11,'2023-09-20 12:56:00','login',0,0,0,1,0,1,0,0,0,0,0,'',0,0,0,0,0,0,'0'),
 (1376,7,'2023-09-20 13:08:08','login',0,0,0,1,19335,3,0,0,0,0,0,'',0,0,0,0,0,0,'0'),
 (1377,8,'2023-09-20 13:08:19','login',0,0,0,1,19362,4,0,0,0,0,0,'',0,0,0,0,0,0,'0'),
 (1378,11,'2023-09-20 13:08:34','login',0,0,0,1,0,1,0,0,0,0,0,'',0,0,0,0,0,0,'0'),
 (1379,11,'2023-09-20 13:33:01','directorioCategorias',0,0,0,1,0,1,0,0,0,0,0,'',0,0,0,0,0,0,'0'),
 (1380,11,'2023-09-20 13:33:17','directorioCategorias',0,0,0,1,0,1,0,0,0,0,0,'',0,0,0,0,0,0,'0'),
 (1381,11,'2023-09-20 13:33:58','directorioCategorias',0,0,0,1,0,1,0,0,0,0,0,'',0,0,0,0,0,0,'0'),
 (1382,11,'2023-09-20 13:39:14','directorioCategorias',0,0,0,1,0,1,0,0,0,0,0,'',0,0,0,0,0,0,'0'),
 (1383,11,'2023-09-20 13:39:16','directorioCategorias',0,0,0,1,0,1,0,0,0,0,0,'',0,0,0,0,0,0,'0'),
 (1384,11,'2023-09-20 13:39:42','directorioCategorias',0,0,0,1,0,1,0,0,0,0,0,'',0,0,0,0,0,0,'0'),
 (1385,11,'2023-09-20 13:40:15','directorioCategorias',0,0,0,1,0,1,0,0,0,0,0,'',0,0,0,0,0,0,'0'),
 (1386,11,'2023-09-20 13:40:59','directorioCategorias',0,0,0,1,0,1,0,0,0,0,0,'',0,0,0,0,0,0,'0'),
 (1387,11,'2023-09-20 13:41:06','directorioCategorias',0,0,0,1,0,1,0,0,0,0,0,'',0,0,0,0,0,0,'0'),
 (1388,11,'2023-09-20 13:49:02','directorioCategorias',0,0,0,1,0,1,0,0,0,0,0,'',0,0,0,0,0,0,'0'),
 (1389,11,'2023-09-20 13:49:47','directorioCategorias',0,0,0,1,0,1,0,0,0,0,0,'',0,0,0,0,0,0,'0'),
 (1390,11,'2023-09-20 13:50:56','directorioCategorias',0,0,0,1,0,1,0,0,0,0,0,'',0,0,0,0,0,0,'0'),
 (1391,7,'2023-09-20 14:01:39','login',0,0,0,1,19335,3,0,0,0,0,0,'',0,0,0,0,0,0,'0'),
 (1392,7,'2023-09-20 14:02:15','directorioCategorias',0,0,0,1,19335,3,0,0,0,0,0,'',0,0,0,0,0,0,'0'),
 (1393,7,'2023-09-20 14:02:24','spaDirectorio_categorias',0,0,0,1,19335,3,0,0,0,0,0,'',0,0,0,0,0,0,'0'),
 (1394,7,'2023-09-20 14:08:04','spaDirectorio_categorias',0,0,0,1,19335,3,0,0,0,0,0,'',0,0,0,0,0,0,'0'),
 (1395,7,'2023-09-20 14:11:41','spaDirectorio_categorias',0,0,0,1,19335,3,0,0,0,0,0,'',0,0,0,0,0,0,'0'),
 (1396,7,'2023-09-20 14:12:54','spaDirectorio_categorias',0,0,0,1,19335,3,0,0,0,0,0,'',0,0,0,0,0,0,'0'),
 (1397,7,'2023-09-20 14:13:02','spaDirectorio_categorias',0,0,0,1,19335,3,0,0,0,0,0,'',0,0,0,0,0,0,'0'),
 (1398,11,'2023-09-20 14:13:17','login',0,0,0,1,0,1,0,0,0,0,0,'',0,0,0,0,0,0,'0'),
 (1399,11,'2023-09-20 14:15:59','login',0,0,0,1,0,1,0,0,0,0,0,'',0,0,0,0,0,0,'0'),
 (1400,11,'2023-09-20 14:18:18','login',0,0,0,1,0,1,0,0,0,0,0,'',0,0,0,0,0,0,'0'),
 (1401,7,'2023-09-20 14:18:43','login',0,0,0,1,19335,3,0,0,0,0,0,'',0,0,0,0,0,0,'0'),
 (1402,8,'2023-09-20 14:20:51','login',0,0,0,1,19362,4,0,0,0,0,0,'',0,0,0,0,0,0,'0'),
 (1403,11,'2023-09-20 14:25:37','login',0,0,0,1,0,1,0,0,0,0,0,'',0,0,0,0,0,0,'0'),
 (1404,11,'2023-09-22 13:50:19','login',0,0,0,1,0,1,0,0,0,0,0,'',0,0,0,0,0,0,'0'),
 (1405,8,'2023-09-22 14:25:26','login',0,0,0,1,19362,4,0,0,0,0,0,'',0,0,0,0,0,0,'0'),
 (1406,11,'2023-09-27 10:21:01','login',0,0,0,1,0,1,0,0,0,0,0,'',0,0,0,0,0,0,'0'),
 (1407,11,'2023-09-27 10:32:33','directorioCategorias',0,0,0,1,0,1,0,0,0,0,0,'',0,0,0,0,0,0,'0'),
 (1408,11,'2023-09-27 10:32:34','directorioCategorias',0,0,0,1,0,1,0,0,0,0,0,'',0,0,0,0,0,0,'0'),
 (1409,11,'2023-09-27 10:36:45','directorioCategorias',0,0,0,1,0,1,0,0,0,0,0,'',0,0,0,0,0,0,'0'),
 (1410,11,'2023-09-27 10:36:45','directorioCategorias',0,0,0,1,0,1,0,0,0,0,0,'',0,0,0,0,0,0,'0'),
 (1411,11,'2023-09-27 10:36:48','spaDirectorio_categorias',0,0,0,1,0,1,0,0,0,0,0,'',0,0,0,0,0,0,'0'),
 (1412,11,'2023-09-27 10:36:48','spaDirectorio_categorias',0,0,0,1,0,1,0,0,0,0,0,'',0,0,0,0,0,0,'0'),
 (1413,11,'2023-09-29 09:40:08','login',0,0,0,1,0,1,0,0,0,0,0,'',0,0,0,0,0,0,'0'),
 (1414,11,'2023-09-29 16:07:50','login',0,0,0,1,0,1,0,0,0,0,0,'',0,0,0,0,0,0,'0'),
 (1415,11,'2023-09-30 10:33:14','login',0,0,0,1,0,1,0,0,0,0,0,'',0,0,0,0,0,0,'0'),
 (1416,11,'2023-09-30 17:27:09','login',0,0,0,1,0,1,0,0,0,0,0,'',0,0,0,0,0,0,'0'),
 (1417,11,'2023-09-30 18:03:22','login',0,0,0,1,0,1,0,0,0,0,0,'',0,0,0,0,0,0,'0'),
 (1418,11,'2023-10-02 10:35:52','login',0,0,0,1,0,1,0,0,0,0,0,'',0,0,0,0,0,0,'0'),
 (1419,11,'2023-10-02 10:55:09','login',0,0,0,1,0,1,0,0,0,0,0,'',0,0,0,0,0,0,'0'),
 (1420,7,'2023-10-02 11:25:38','login',0,0,0,1,19335,3,0,0,0,0,0,'',0,0,0,0,0,0,'0'),
 (1421,8,'2023-10-02 11:26:05','login',0,0,0,1,19362,4,0,0,0,0,0,'',0,0,0,0,0,0,'0'),
 (1422,7,'2023-10-02 11:26:23','login',0,0,0,1,19335,3,0,0,0,0,0,'',0,0,0,0,0,0,'0'),
 (1423,8,'2023-10-02 11:26:47','login',0,0,0,1,19362,4,0,0,0,0,0,'',0,0,0,0,0,0,'0'),
 (1424,11,'2023-10-02 11:28:22','login',0,0,0,1,0,1,0,0,0,0,0,'',0,0,0,0,0,0,'0'),
 (1425,11,'2023-10-02 11:33:15','login',0,0,0,1,0,1,0,0,0,0,0,'',0,0,0,0,0,0,'0'),
 (1426,7,'2023-10-02 11:33:31','login',0,0,0,1,19335,3,0,0,0,0,0,'',0,0,0,0,0,0,'0'),
 (1427,8,'2023-10-02 11:33:49','login',0,0,0,1,19362,4,0,0,0,0,0,'',0,0,0,0,0,0,'0'),
 (1428,11,'2023-10-02 12:16:12','login',0,0,0,1,0,1,0,0,0,0,0,'',0,0,0,0,0,0,'0'),
 (1429,8,'2023-10-02 12:19:10','login',0,0,0,1,19362,4,0,0,0,0,0,'',0,0,0,0,0,0,'0'),
 (1430,7,'2023-10-02 13:34:26','login',0,0,0,1,19335,3,0,0,0,0,0,'',0,0,0,0,0,0,'0'),
 (1431,8,'2023-10-02 13:35:03','login',0,0,0,1,19362,4,0,0,0,0,0,'',0,0,0,0,0,0,'0'),
 (1432,11,'2023-10-04 09:43:31','login',0,0,0,1,0,1,0,0,0,0,0,'',0,0,0,0,0,0,'0'),
 (1433,7,'2023-10-04 10:32:48','login',0,0,0,1,19335,3,0,0,0,0,0,'',0,0,0,0,0,0,'0'),
 (1434,8,'2023-10-04 10:33:14','login',0,0,0,1,19362,4,0,0,0,0,0,'',0,0,0,0,0,0,'0'),
 (1435,11,'2023-10-06 08:45:46','login',0,0,0,1,0,1,0,0,0,0,0,'',0,0,0,0,0,0,'0'),
 (1436,11,'2023-10-06 10:17:53','login',0,0,0,1,0,1,0,0,0,0,0,'',0,0,0,0,0,0,'0'),
 (1437,11,'2023-10-06 10:26:31','login',0,0,0,1,0,1,0,0,0,0,0,'',0,0,0,0,0,0,'0'),
 (1438,11,'2023-10-06 11:45:29','login',0,0,0,1,0,1,0,0,0,0,0,'',0,0,0,0,0,0,'0'),
 (1439,11,'2023-10-06 13:48:20','login',0,0,0,1,0,1,0,0,0,0,0,'',0,0,0,0,0,0,'0'),
 (1440,7,'2023-10-06 16:09:22','login',0,0,0,1,19335,3,0,0,0,0,0,'',0,0,0,0,0,0,'0'),
 (1441,8,'2023-10-06 16:10:25','login',0,0,0,1,19362,4,0,0,0,0,0,'',0,0,0,0,0,0,'0'),
 (1442,11,'2023-10-06 16:10:46','login',0,0,0,1,0,1,0,0,0,0,0,'',0,0,0,0,0,0,'0'),
 (1443,7,'2023-10-06 17:04:44','login',0,0,0,1,19335,3,0,0,0,0,0,'',0,0,0,0,0,0,'0'),
 (1444,8,'2023-10-06 17:06:21','login',0,0,0,1,19362,4,0,0,0,0,0,'',0,0,0,0,0,0,'0'),
 (1445,11,'2023-10-06 17:08:17','login',0,0,0,1,0,1,0,0,0,0,0,'',0,0,0,0,0,0,'0'),
 (1446,11,'2023-10-06 17:21:18','login',0,0,0,1,0,1,0,0,0,0,0,'',0,0,0,0,0,0,'0'),
 (1447,11,'2023-10-06 17:34:52','login',0,0,0,1,0,1,0,0,0,0,0,'',0,0,0,0,0,0,'0'),
 (1448,11,'2023-10-06 17:35:16','login',0,0,0,1,0,1,0,0,0,0,0,'',0,0,0,0,0,0,'0'),
 (1449,7,'2023-10-06 17:37:13','login',0,0,0,1,19335,3,0,0,0,0,0,'',0,0,0,0,0,0,'0'),
 (1450,11,'2023-10-06 17:39:08','login',0,0,0,1,0,1,0,0,0,0,0,'',0,0,0,0,0,0,'0'),
 (1451,11,'2023-10-06 17:40:01','login',0,0,0,1,0,1,0,0,0,0,0,'',0,0,0,0,0,0,'0'),
 (1452,11,'2023-10-06 17:44:18','login',0,0,0,1,0,1,0,0,0,0,0,'',0,0,0,0,0,0,'0'),
 (1453,11,'2023-10-06 17:49:02','login',0,0,0,1,0,1,0,0,0,0,0,'',0,0,0,0,0,0,'0'),
 (1454,11,'2023-10-06 17:49:45','login',0,0,0,1,0,1,0,0,0,0,0,'',0,0,0,0,0,0,'0'),
 (1455,7,'2023-10-06 17:51:04','login',0,0,0,1,19335,3,0,0,0,0,0,'',0,0,0,0,0,0,'0'),
 (1456,11,'2023-10-06 17:51:25','login',0,0,0,1,0,1,0,0,0,0,0,'',0,0,0,0,0,0,'0'),
 (1457,8,'2023-10-06 17:55:31','login',0,0,0,1,19362,4,0,0,0,0,0,'',0,0,0,0,0,0,'0'),
 (1458,11,'2023-10-06 17:58:32','login',0,0,0,1,0,1,0,0,0,0,0,'',0,0,0,0,0,0,'0'),
 (1459,11,'2023-10-06 18:00:48','login',0,0,0,1,0,1,0,0,0,0,0,'',0,0,0,0,0,0,'0'),
 (1460,11,'2023-10-06 18:04:11','login',0,0,0,1,0,1,0,0,0,0,0,'',0,0,0,0,0,0,'0'),
 (1461,11,'2023-10-06 18:35:54','login',0,0,0,1,0,1,0,0,0,0,0,'',0,0,0,0,0,0,'0'),
 (1462,11,'2023-10-06 18:37:05','login',0,0,0,1,0,1,0,0,0,0,0,'',0,0,0,0,0,0,'0'),
 (1463,11,'2023-10-06 18:37:49','login',0,0,0,1,0,1,0,0,0,0,0,'',0,0,0,0,0,0,'0'),
 (1464,11,'2023-10-06 18:39:28','login',0,0,0,1,0,1,0,0,0,0,0,'',0,0,0,0,0,0,'0'),
 (1465,11,'2023-10-06 18:39:38','login',0,0,0,1,0,1,0,0,0,0,0,'',0,0,0,0,0,0,'0'),
 (1466,11,'2023-10-06 18:40:39','login',0,0,0,1,0,1,0,0,0,0,0,'',0,0,0,0,0,0,'0'),
 (1467,11,'2023-10-06 18:41:15','login',0,0,0,1,0,1,0,0,0,0,0,'',0,0,0,0,0,0,'0'),
 (1468,11,'2023-10-06 18:42:34','login',0,0,0,1,0,1,0,0,0,0,0,'',0,0,0,0,0,0,'0'),
 (1469,11,'2023-10-06 18:43:58','login',0,0,0,1,0,1,0,0,0,0,0,'',0,0,0,0,0,0,'0'),
 (1470,11,'2023-10-06 18:44:12','login',0,0,0,1,0,1,0,0,0,0,0,'',0,0,0,0,0,0,'0'),
 (1471,11,'2023-10-06 18:44:20','login',0,0,0,1,0,1,0,0,0,0,0,'',0,0,0,0,0,0,'0'),
 (1472,11,'2023-10-06 18:44:27','login',0,0,0,1,0,1,0,0,0,0,0,'',0,0,0,0,0,0,'0'),
 (1473,11,'2023-10-06 18:46:32','login',0,0,0,1,0,1,0,0,0,0,0,'',0,0,0,0,0,0,'0'),
 (1474,11,'2023-10-06 18:49:59','login',0,0,0,1,0,1,0,0,0,0,0,'',0,0,0,0,0,0,'0'),
 (1475,11,'2023-10-06 18:50:29','login',0,0,0,1,0,1,0,0,0,0,0,'',0,0,0,0,0,0,'0'),
 (1476,11,'2023-10-06 18:56:02','login',0,0,0,1,0,1,0,0,0,0,0,'',0,0,0,0,0,0,'0'),
 (1477,11,'2023-10-06 18:58:06','login',0,0,0,1,0,1,0,0,0,0,0,'',0,0,0,0,0,0,'0'),
 (1478,11,'2023-10-06 18:59:05','login',0,0,0,1,0,1,0,0,0,0,0,'',0,0,0,0,0,0,'0'),
 (1479,11,'2023-10-06 19:01:29','login',0,0,0,1,0,1,0,0,0,0,0,'',0,0,0,0,0,0,'0'),
 (1480,11,'2023-10-06 19:05:07','login',0,0,0,1,0,1,0,0,0,0,0,'',0,0,0,0,0,0,'0'),
 (1481,11,'2023-10-06 19:05:17','login',0,0,0,1,0,1,0,0,0,0,0,'',0,0,0,0,0,0,'0'),
 (1482,7,'2023-10-06 19:06:19','login',0,0,0,1,19335,3,0,0,0,0,0,'',0,0,0,0,0,0,'0'),
 (1483,11,'2023-10-06 19:07:05','login',0,0,0,1,0,1,0,0,0,0,0,'',0,0,0,0,0,0,'0'),
 (1484,6,'2023-10-06 19:08:07','login',0,0,0,1,19362,4,0,0,0,0,0,'',0,0,0,0,0,0,'0'),
 (1485,11,'2023-10-06 19:08:32','login',0,0,0,1,0,1,0,0,0,0,0,'',0,0,0,0,0,0,'0'),
 (1486,8,'2023-10-06 19:09:44','login',0,0,0,1,19362,4,0,0,0,0,0,'',0,0,0,0,0,0,'0'),
 (1487,8,'2023-10-06 19:11:09','login',0,0,0,1,19362,4,0,0,0,0,0,'',0,0,0,0,0,0,'0'),
 (1488,11,'2023-10-06 19:11:56','login',0,0,0,1,0,1,0,0,0,0,0,'',0,0,0,0,0,0,'0'),
 (1489,11,'2023-10-06 19:12:32','login',0,0,0,1,0,1,0,0,0,0,0,'',0,0,0,0,0,0,'0'),
 (1490,8,'2023-10-06 19:14:48','login',0,0,0,1,19362,4,0,0,0,0,0,'',0,0,0,0,0,0,'0'),
 (1491,11,'2023-10-06 19:20:47','login',0,0,0,1,0,1,0,0,0,0,0,'',0,0,0,0,0,0,'0'),
 (1492,11,'2023-10-06 19:34:21','login',0,0,0,1,0,1,0,0,0,0,0,'',0,0,0,0,0,0,'0'),
 (1493,11,'2023-10-06 19:40:30','login',0,0,0,1,0,1,0,0,0,0,0,'',0,0,0,0,0,0,'0'),
 (1494,11,'2023-10-06 19:42:54','login',0,0,0,1,0,1,0,0,0,0,0,'',0,0,0,0,0,0,'0'),
 (1495,11,'2023-10-06 19:44:45','login',0,0,0,1,0,1,0,0,0,0,0,'',0,0,0,0,0,0,'0'),
 (1496,11,'2023-10-06 19:47:30','login',0,0,0,1,0,1,0,0,0,0,0,'',0,0,0,0,0,0,'0'),
 (1497,11,'2023-10-06 19:52:30','login',0,0,0,1,0,1,0,0,0,0,0,'',0,0,0,0,0,0,'0'),
 (1498,11,'2023-10-06 19:58:11','login',0,0,0,1,0,1,0,0,0,0,0,'',0,0,0,0,0,0,'0'),
 (1499,11,'2023-10-06 20:00:29','login',0,0,0,1,0,1,0,0,0,0,0,'',0,0,0,0,0,0,'0'),
 (1500,11,'2023-10-06 20:06:35','login',0,0,0,1,0,1,0,0,0,0,0,'',0,0,0,0,0,0,'0'),
 (1501,11,'2023-10-06 20:09:35','login',0,0,0,1,0,1,0,0,0,0,0,'',0,0,0,0,0,0,'0'),
 (1502,11,'2023-10-06 20:12:33','login',0,0,0,1,0,1,0,0,0,0,0,'',0,0,0,0,0,0,'0'),
 (1503,11,'2023-10-06 20:12:44','login',0,0,0,1,0,1,0,0,0,0,0,'',0,0,0,0,0,0,'0'),
 (1504,11,'2023-10-06 20:13:16','login',0,0,0,1,0,1,0,0,0,0,0,'',0,0,0,0,0,0,'0'),
 (1505,11,'2023-10-06 20:14:35','login',0,0,0,1,0,1,0,0,0,0,0,'',0,0,0,0,0,0,'0'),
 (1506,11,'2023-10-06 20:15:31','login',0,0,0,1,0,1,0,0,0,0,0,'',0,0,0,0,0,0,'0'),
 (1507,11,'2023-10-06 20:16:47','login',0,0,0,1,0,1,0,0,0,0,0,'',0,0,0,0,0,0,'0'),
 (1508,11,'2023-10-06 20:16:56','login',0,0,0,1,0,1,0,0,0,0,0,'',0,0,0,0,0,0,'0'),
 (1509,11,'2023-10-06 20:17:30','login',0,0,0,1,0,1,0,0,0,0,0,'',0,0,0,0,0,0,'0'),
 (1510,11,'2023-10-06 20:19:28','login',0,0,0,1,0,1,0,0,0,0,0,'',0,0,0,0,0,0,'0'),
 (1511,11,'2023-10-06 20:23:17','login',0,0,0,1,0,1,0,0,0,0,0,'',0,0,0,0,0,0,'0'),
 (1512,11,'2023-10-06 20:24:51','login',0,0,0,1,0,1,0,0,0,0,0,'',0,0,0,0,0,0,'0'),
 (1513,11,'2023-10-06 20:25:23','login',0,0,0,1,0,1,0,0,0,0,0,'',0,0,0,0,0,0,'0'),
 (1514,11,'2023-10-06 20:29:10','login',0,0,0,1,0,1,0,0,0,0,0,'',0,0,0,0,0,0,'0'),
 (1515,7,'2023-10-06 20:30:18','login',0,0,0,1,19335,3,0,0,0,0,0,'',0,0,0,0,0,0,'0'),
 (1516,11,'2023-10-06 20:33:54','login',0,0,0,1,0,1,0,0,0,0,0,'',0,0,0,0,0,0,'0'),
 (1517,11,'2023-10-06 20:39:05','login',0,0,0,1,0,1,0,0,0,0,0,'',0,0,0,0,0,0,'0'),
 (1518,11,'2023-10-06 20:40:54','login',0,0,0,1,0,1,0,0,0,0,0,'',0,0,0,0,0,0,'0'),
 (1519,11,'2023-10-06 20:42:05','login',0,0,0,1,0,1,0,0,0,0,0,'',0,0,0,0,0,0,'0'),
 (1520,11,'2023-10-06 20:47:26','login',0,0,0,1,0,1,0,0,0,0,0,'',0,0,0,0,0,0,'0'),
 (1521,11,'2023-10-06 20:49:12','login',0,0,0,1,0,1,0,0,0,0,0,'',0,0,0,0,0,0,'0'),
 (1522,11,'2023-10-07 09:00:59','login',0,0,0,1,0,1,0,0,0,0,0,'',0,0,0,0,0,0,'0'),
 (1523,8,'2023-10-07 09:06:32','login',0,0,0,1,19362,4,0,0,0,0,0,'',0,0,0,0,0,0,'0'),
 (1524,7,'2023-10-07 09:08:41','login',0,0,0,1,19335,3,0,0,0,0,0,'',0,0,0,0,0,0,'0'),
 (1525,8,'2023-10-07 09:11:23','login',0,0,0,1,19362,4,0,0,0,0,0,'',0,0,0,0,0,0,'0'),
 (1526,8,'2023-10-07 09:18:50','login',0,0,0,1,19362,4,0,0,0,0,0,'',0,0,0,0,0,0,'0'),
 (1527,11,'2023-10-07 09:19:40','login',0,0,0,1,0,1,0,0,0,0,0,'',0,0,0,0,0,0,'0'),
 (1528,11,'2023-10-07 09:20:01','directorioCategorias',0,0,0,1,0,1,0,0,0,0,0,'',0,0,0,0,0,0,'0'),
 (1529,11,'2023-10-07 09:20:02','directorioCategorias',0,0,0,1,0,1,0,0,0,0,0,'',0,0,0,0,0,0,'0'),
 (1530,8,'2023-10-07 09:20:28','login',0,0,0,1,19362,4,0,0,0,0,0,'',0,0,0,0,0,0,'0'),
 (1531,8,'2023-10-07 09:20:39','directorioCategorias',0,0,0,1,19362,4,0,0,0,0,0,'',0,0,0,0,0,0,'0'),
 (1532,11,'2023-10-07 09:20:58','login',0,0,0,1,0,1,0,0,0,0,0,'',0,0,0,0,0,0,'0'),
 (1533,8,'2023-10-07 09:22:14','login',0,0,0,1,19362,4,0,0,0,0,0,'',0,0,0,0,0,0,'0'),
 (1534,8,'2023-10-07 09:22:18','directorioCategorias',0,0,0,1,19362,4,0,0,0,0,0,'',0,0,0,0,0,0,'0'),
 (1535,8,'2023-10-07 09:22:21','directorioCategorias',0,0,0,1,19362,4,0,0,0,0,0,'',0,0,0,0,0,0,'0'),
 (1536,11,'2023-10-07 09:30:34','login',0,0,0,1,0,1,0,0,0,0,0,'',0,0,0,0,0,0,'0'),
 (1537,8,'2023-10-07 09:31:09','login',0,0,0,1,19362,4,0,0,0,0,0,'',0,0,0,0,0,0,'0'),
 (1538,8,'2023-10-07 09:57:15','directorioCategorias',0,0,0,1,19362,4,0,0,0,0,0,'',0,0,0,0,0,0,'0'),
 (1539,8,'2023-10-07 09:57:16','directorioCategorias',0,0,0,1,19362,4,0,0,0,0,0,'',0,0,0,0,0,0,'0'),
 (1540,8,'2023-10-07 09:58:47','spaDirectorio_categorias',0,0,0,1,19362,4,0,0,0,0,0,'',0,0,0,0,0,0,'0'),
 (1541,8,'2023-10-07 09:58:48','spaDirectorio_categorias',0,0,0,1,19362,4,0,0,0,0,0,'',0,0,0,0,0,0,'0'),
 (1542,8,'2023-10-07 09:59:17','directorioCategorias',0,0,0,1,19362,4,0,0,0,0,0,'',0,0,0,0,0,0,'0'),
 (1543,8,'2023-10-07 09:59:17','directorioCategorias',0,0,0,1,19362,4,0,0,0,0,0,'',0,0,0,0,0,0,'0'),
 (1544,8,'2023-10-07 09:59:19','spaDirectorio_categorias',0,0,0,1,19362,4,0,0,0,0,0,'',0,0,0,0,0,0,'0'),
 (1545,8,'2023-10-07 09:59:19','spaDirectorio_categorias',0,0,0,1,19362,4,0,0,0,0,0,'',0,0,0,0,0,0,'0'),
 (1546,8,'2023-10-07 10:05:38','spaDirectorio_categorias',0,0,0,1,19362,4,0,0,0,0,0,'',0,0,0,0,0,0,'0'),
 (1547,8,'2023-10-07 10:06:04','directorioCategorias',0,0,0,1,19362,4,0,0,0,0,0,'',0,0,0,0,0,0,'0'),
 (1548,8,'2023-10-07 10:06:05','directorioCategorias',0,0,0,1,19362,4,0,0,0,0,0,'',0,0,0,0,0,0,'0'),
 (1549,8,'2023-10-07 10:06:06','spaDirectorio_categorias',0,0,0,1,19362,4,0,0,0,0,0,'',0,0,0,0,0,0,'0'),
 (1550,8,'2023-10-07 10:06:07','spaDirectorio_categorias',0,0,0,1,19362,4,0,0,0,0,0,'',0,0,0,0,0,0,'0'),
 (1551,8,'2023-10-07 10:06:32','directorioCategorias',0,0,0,1,19362,4,0,0,0,0,0,'',0,0,0,0,0,0,'0'),
 (1552,8,'2023-10-07 10:06:32','directorioCategorias',0,0,0,1,19362,4,0,0,0,0,0,'',0,0,0,0,0,0,'0'),
 (1553,8,'2023-10-07 10:06:35','spaDirectorio_categorias',0,0,0,1,19362,4,0,0,0,0,0,'',0,0,0,0,0,0,'0'),
 (1554,8,'2023-10-07 10:06:35','spaDirectorio_categorias',0,0,0,1,19362,4,0,0,0,0,0,'',0,0,0,0,0,0,'0'),
 (1555,8,'2023-10-07 10:10:14','spaDirectorio_categorias',0,0,0,1,19362,4,0,0,0,0,0,'',0,0,0,0,0,0,'0'),
 (1556,8,'2023-10-07 10:10:15','spaDirectorio_categorias',0,0,0,1,19362,4,0,0,0,0,0,'',0,0,0,0,0,0,'0'),
 (1557,8,'2023-10-07 10:20:13','spaDirectorio_categorias',0,0,0,1,19362,4,0,0,0,0,0,'',0,0,0,0,0,0,'0'),
 (1558,8,'2023-10-07 10:20:14','spaDirectorio_categorias',0,0,0,1,19362,4,0,0,0,0,0,'',0,0,0,0,0,0,'0'),
 (1559,8,'2023-10-07 10:23:25','spaDirectorio_categorias',0,0,0,1,19362,4,0,0,0,0,0,'',0,0,0,0,0,0,'0'),
 (1560,8,'2023-10-07 10:23:26','spaDirectorio_categorias',0,0,0,1,19362,4,0,0,0,0,0,'',0,0,0,0,0,0,'0'),
 (1561,8,'2023-10-07 10:24:55','spaDirectorio_categorias',0,0,0,1,19362,4,0,0,0,0,0,'',0,0,0,0,0,0,'0'),
 (1562,8,'2023-10-07 10:24:55','spaDirectorio_categorias',0,0,0,1,19362,4,0,0,0,0,0,'',0,0,0,0,0,0,'0'),
 (1563,8,'2023-10-07 10:25:12','spaDirectorio_categorias',0,0,0,1,19362,4,0,0,0,0,0,'',0,0,0,0,0,0,'0'),
 (1564,8,'2023-10-07 10:25:13','spaDirectorio_categorias',0,0,0,1,19362,4,0,0,0,0,0,'',0,0,0,0,0,0,'0'),
 (1565,8,'2023-10-07 10:27:15','spaDirectorio_categorias',0,0,0,1,19362,4,0,0,0,0,0,'',0,0,0,0,0,0,'0'),
 (1566,8,'2023-10-07 10:27:17','spaDirectorio_categorias',0,0,0,1,19362,4,0,0,0,0,0,'',0,0,0,0,0,0,'0'),
 (1567,8,'2023-10-07 10:27:31','directorioCategorias',0,0,0,1,19362,4,0,0,0,0,0,'',0,0,0,0,0,0,'0'),
 (1568,8,'2023-10-07 10:27:31','directorioCategorias',0,0,0,1,19362,4,0,0,0,0,0,'',0,0,0,0,0,0,'0'),
 (1569,11,'2023-10-07 10:28:19','login',0,0,0,1,0,1,0,0,0,0,0,'',0,0,0,0,0,0,'0'),
 (1570,7,'2023-10-07 10:40:05','login',0,0,0,1,19335,3,0,0,0,0,0,'',0,0,0,0,0,0,'0'),
 (1571,7,'2023-10-07 10:41:22','login',0,0,0,1,19335,3,0,0,0,0,0,'',0,0,0,0,0,0,'0'),
 (1572,8,'2023-10-07 10:45:24','login',0,0,0,1,19362,4,0,0,0,0,0,'',0,0,0,0,0,0,'0'),
 (1573,11,'2023-10-07 10:51:20','login',0,0,0,1,0,1,0,0,0,0,0,'',0,0,0,0,0,0,'0'),
 (1574,7,'2023-10-07 10:52:37','login',0,0,0,1,19335,3,0,0,0,0,0,'',0,0,0,0,0,0,'0'),
 (1575,8,'2023-10-07 11:07:51','login',0,0,0,1,19362,4,0,0,0,0,0,'',0,0,0,0,0,0,'0'),
 (1576,7,'2023-10-07 11:08:24','login',0,0,0,1,19335,3,0,0,0,0,0,'',0,0,0,0,0,0,'0'),
 (1577,11,'2023-10-07 11:40:40','login',0,0,0,1,0,1,0,0,0,0,0,'',0,0,0,0,0,0,'0'),
 (1578,7,'2023-10-07 11:43:18','login',0,0,0,1,19335,3,0,0,0,0,0,'',0,0,0,0,0,0,'0'),
 (1579,11,'2023-10-07 11:54:32','login',0,0,0,1,0,1,0,0,0,0,0,'',0,0,0,0,0,0,'0'),
 (1580,7,'2023-10-07 11:54:58','login',0,0,0,1,19335,3,0,0,0,0,0,'',0,0,0,0,0,0,'0'),
 (1581,11,'2023-10-07 11:55:43','login',0,0,0,1,0,1,0,0,0,0,0,'',0,0,0,0,0,0,'0'),
 (1582,11,'2023-10-07 12:07:13','directorioCategorias',0,0,0,1,0,1,0,0,0,0,0,'',0,0,0,0,0,0,'0'),
 (1583,11,'2023-10-07 12:07:14','directorioCategorias',0,0,0,1,0,1,0,0,0,0,0,'',0,0,0,0,0,0,'0'),
 (1584,7,'2023-10-07 12:22:21','login',0,0,0,1,19335,3,0,0,0,0,0,'',0,0,0,0,0,0,'0'),
 (1585,11,'2023-10-07 12:23:01','login',0,0,0,1,0,1,0,0,0,0,0,'',0,0,0,0,0,0,'0'),
 (1586,11,'2023-10-07 12:25:13','directorioCategorias',0,0,0,1,0,1,0,0,0,0,0,'',0,0,0,0,0,0,'0'),
 (1587,11,'2023-10-07 12:25:14','directorioCategorias',0,0,0,1,0,1,0,0,0,0,0,'',0,0,0,0,0,0,'0'),
 (1588,11,'2023-10-07 12:25:17','spaDirectorio_categorias',0,0,0,1,0,1,0,0,0,0,0,'',0,0,0,0,0,0,'0'),
 (1589,11,'2023-10-07 12:25:18','spaDirectorio_categorias',0,0,0,1,0,1,0,0,0,0,0,'',0,0,0,0,0,0,'0'),
 (1590,11,'2023-10-10 10:48:08','login',0,0,0,1,0,1,0,0,0,0,0,'',0,0,0,0,0,0,'0'),
 (1591,8,'2023-10-10 11:01:12','login',0,0,0,1,19362,4,0,0,0,0,0,'',0,0,0,0,0,0,'0'),
 (1592,8,'2023-10-10 11:01:54','directorioCategorias',0,0,0,1,19362,4,0,0,0,0,0,'',0,0,0,0,0,0,'0'),
 (1593,8,'2023-10-10 11:01:55','directorioCategorias',0,0,0,1,19362,4,0,0,0,0,0,'',0,0,0,0,0,0,'0'),
 (1594,8,'2023-10-10 11:06:25','spaDirectorio_categorias',0,0,0,1,19362,4,0,0,0,0,0,'',0,0,0,0,0,0,'0'),
 (1595,8,'2023-10-10 11:06:26','spaDirectorio_categorias',0,0,0,1,19362,4,0,0,0,0,0,'',0,0,0,0,0,0,'0'),
 (1596,11,'2023-10-19 20:40:02','login',0,0,0,1,0,1,0,0,0,0,0,'',0,0,0,0,0,0,'0'),
 (1597,11,'2023-10-30 17:01:58','login',0,0,0,1,0,1,0,0,0,0,0,'',0,0,0,0,0,0,'0'),
 (1598,11,'2023-10-30 17:34:47','login',0,0,0,1,0,1,0,0,0,0,0,'',0,0,0,0,0,0,'0'),
 (1599,11,'2023-10-30 17:37:57','login',0,0,0,1,0,1,0,0,0,0,0,'',0,0,0,0,0,0,'0'),
 (1600,11,'2023-10-30 17:39:54','directorioCategorias',0,0,0,1,0,1,0,0,0,0,0,'',0,0,0,0,0,0,'0'),
 (1601,11,'2023-10-30 17:39:55','directorioCategorias',0,0,0,1,0,1,0,0,0,0,0,'',0,0,0,0,0,0,'0'),
 (1602,11,'2023-11-01 09:44:28','login',0,0,0,1,0,1,0,0,0,0,0,'',0,0,0,0,0,0,'0'),
 (1603,11,'2023-11-01 09:52:19','directorioCategorias',0,0,0,1,0,1,0,0,0,0,0,'',0,0,0,0,0,0,'0'),
 (1604,11,'2023-11-01 09:52:20','directorioCategorias',0,0,0,1,0,1,0,0,0,0,0,'',0,0,0,0,0,0,'0'),
 (1605,11,'2023-11-26 11:57:37','login',0,0,0,1,0,1,0,0,0,0,0,'',0,0,0,0,0,0,'0'),
 (1606,11,'2023-11-26 11:58:37','directorioCategorias',0,0,0,1,0,1,0,0,0,0,0,'',0,0,0,0,0,0,'0'),
 (1607,11,'2023-11-26 11:58:38','directorioCategorias',0,0,0,1,0,1,0,0,0,0,0,'',0,0,0,0,0,0,'0'),
 (1608,8,'2023-11-26 11:59:57','login',0,0,0,1,19362,4,0,0,0,0,0,'',0,0,0,0,0,0,'0'),
 (1609,7,'2023-11-26 12:00:41','login',0,0,0,1,19335,3,0,0,0,0,0,'',0,0,0,0,0,0,'0'),
 (1610,7,'2023-11-26 12:01:24','directorioCategorias',0,0,0,1,19335,3,0,0,0,0,0,'',0,0,0,0,0,0,'0'),
 (1611,7,'2023-11-26 12:01:25','directorioCategorias',0,0,0,1,19335,3,0,0,0,0,0,'',0,0,0,0,0,0,'0'),
 (1612,7,'2023-11-26 12:01:27','spaDirectorio_categorias',0,0,0,1,19335,3,0,0,0,0,0,'',0,0,0,0,0,0,'0'),
 (1613,7,'2023-11-26 12:01:28','spaDirectorio_categorias',0,0,0,1,19335,3,0,0,0,0,0,'',0,0,0,0,0,0,'0'),
 (1614,11,'2023-11-26 12:21:52','login',0,0,0,1,0,1,0,0,0,0,0,'',0,0,0,0,0,0,'0'),
 (1615,11,'2023-11-27 12:29:14','login',0,0,0,1,0,1,0,0,0,0,0,'',0,0,0,0,0,0,'0'),
 (1616,11,'2023-11-27 12:36:46','login',0,0,0,1,0,1,0,0,0,0,0,'',0,0,0,0,0,0,'0'),
 (1617,11,'2023-11-27 12:36:53','directorioCategorias',0,0,0,1,0,1,0,0,0,0,0,'',0,0,0,0,0,0,'0'),
 (1618,11,'2023-11-27 12:36:54','directorioCategorias',0,0,0,1,0,1,0,0,0,0,0,'',0,0,0,0,0,0,'0'),
 (1619,11,'2023-11-27 12:37:19','spaDirectorio_categorias',0,0,0,1,0,1,0,0,0,0,0,'',0,0,0,0,0,0,'0'),
 (1620,11,'2023-11-27 12:37:20','spaDirectorio_categorias',0,0,0,1,0,1,0,0,0,0,0,'',0,0,0,0,0,0,'0'),
 (1621,11,'2023-11-27 12:41:34','fichaTecnica',0,0,0,1,0,1,77,1,1,16,1,'',0,0,0,0,0,0,'0'),
 (1622,11,'2023-11-27 12:42:10','directorioCategorias',0,0,0,1,0,1,0,0,0,0,0,'',0,0,0,0,0,0,'0'),
 (1623,11,'2023-11-27 12:42:11','directorioCategorias',0,0,0,1,0,1,0,0,0,0,0,'',0,0,0,0,0,0,'0'),
 (1624,11,'2023-11-27 12:42:12','spaDirectorio_categorias',0,0,0,1,0,1,0,0,0,0,0,'',0,0,0,0,0,0,'0'),
 (1625,11,'2023-11-27 12:42:13','spaDirectorio_categorias',0,0,0,1,0,1,0,0,0,0,0,'',0,0,0,0,0,0,'0'),
 (1626,11,'2023-11-27 12:42:22','fichaTecnica',0,0,0,1,0,1,77,1,1,16,1,'',0,0,0,0,0,0,'0'),
 (1627,11,'2023-11-27 12:42:26','fichaTecnica',0,0,0,1,0,1,77,1,1,16,1,'',0,0,0,0,0,0,'0'),
 (1628,11,'2023-11-27 12:47:19','directorioCategorias',0,0,0,1,0,1,0,0,0,0,0,'',0,0,0,0,0,0,'0'),
 (1629,11,'2023-11-27 12:47:21','directorioCategorias',0,0,0,1,0,1,0,0,0,0,0,'',0,0,0,0,0,0,'0'),
 (1630,11,'2023-11-27 15:15:53','directorioCategorias',0,0,0,1,0,1,0,0,0,0,0,'',0,0,0,0,0,0,'0'),
 (1631,11,'2023-11-27 15:28:06','login',0,0,0,1,0,1,0,0,0,0,0,'',0,0,0,0,0,0,'0'),
 (1632,11,'2023-11-27 15:29:00','directorioCategorias',0,0,0,1,0,1,0,0,0,0,0,'',0,0,0,0,0,0,'0'),
 (1633,11,'2023-11-27 15:29:01','directorioCategorias',0,0,0,1,0,1,0,0,0,0,0,'',0,0,0,0,0,0,'0'),
 (1634,11,'2023-11-27 15:29:07','spaDirectorio_categorias',0,0,0,1,0,1,0,0,0,0,0,'',0,0,0,0,0,0,'0'),
 (1635,11,'2023-11-27 15:29:08','spaDirectorio_categorias',0,0,0,1,0,1,0,0,0,0,0,'',0,0,0,0,0,0,'0'),
 (1636,11,'2023-11-27 15:29:35','fichaTecnica',0,0,0,1,0,1,77,1,1,16,1,'',0,0,0,0,0,0,'0'),
 (1637,11,'2023-11-27 15:29:35','fichaTecnica',0,0,0,1,0,1,77,1,1,16,1,'',0,0,0,0,0,0,'0'),
 (1638,11,'2023-11-27 15:30:48','directorioCategorias',0,0,0,1,0,1,0,0,0,0,0,'',0,0,0,0,0,0,'0'),
 (1639,11,'2023-11-27 15:30:49','directorioCategorias',0,0,0,1,0,1,0,0,0,0,0,'',0,0,0,0,0,0,'0'),
 (1640,1,'2024-01-20 10:57:15','login',0,0,0,1,0,1,0,0,0,0,0,'',0,0,0,0,0,0,'0'),
 (1641,1,'2024-01-20 10:57:24','directorioCategorias',0,0,0,1,0,1,0,0,0,0,0,'',0,0,0,0,0,0,'0'),
 (1642,1,'2024-01-20 10:57:25','directorioCategorias',0,0,0,1,0,1,0,0,0,0,0,'',0,0,0,0,0,0,'0'),
 (1643,1,'2024-01-20 10:58:54','login',0,0,0,1,0,1,0,0,0,0,0,'',0,0,0,0,0,0,'0'),
 (1644,1,'2024-01-20 11:17:54','directorioCategorias',0,0,0,1,0,1,0,0,0,0,0,'',0,0,0,0,0,0,'0'),
 (1645,1,'2024-01-20 11:17:55','directorioCategorias',0,0,0,1,0,1,0,0,0,0,0,'',0,0,0,0,0,0,'0'),
 (1646,1,'2024-01-20 11:17:56','spaDirectorio_categorias',0,0,0,1,0,1,0,0,0,0,0,'',0,0,0,0,0,0,'0'),
 (1647,1,'2024-01-20 11:17:57','spaDirectorio_categorias',0,0,0,1,0,1,0,0,0,0,0,'',0,0,0,0,0,0,'0'),
 (1648,1,'2024-01-23 12:47:21','login',0,0,0,1,0,1,0,0,0,0,0,'',0,0,0,0,0,0,'0'),
 (1649,1,'2024-01-23 15:34:46','login',0,0,0,1,0,1,0,0,0,0,0,'',0,0,0,0,0,0,'0'),
 (1650,1,'2024-01-23 15:58:22','login',0,0,0,1,0,1,0,0,0,0,0,'',0,0,0,0,0,0,'0'),
 (1651,7,'2024-01-25 15:59:35','login',0,0,0,1,19335,3,0,0,0,0,0,'',0,0,0,0,0,0,'0'),
 (1652,1,'2024-03-21 13:01:33','login',0,0,0,1,0,1,0,0,0,0,0,'',0,0,0,0,0,0,'0'),
 (1653,1,'2024-03-21 13:02:31','login',0,0,0,1,0,1,0,0,0,0,0,'',0,0,0,0,0,0,'0'),
 (1654,1,'2024-03-21 13:02:56','directorioCategorias',0,0,0,1,0,1,0,0,0,0,0,'',0,0,0,0,0,0,'0'),
 (1655,1,'2024-03-21 13:02:57','directorioCategorias',0,0,0,1,0,1,0,0,0,0,0,'',0,0,0,0,0,0,'0'),
 (1656,1,'2024-03-21 13:02:58','spaDirectorio_categorias',0,0,0,1,0,1,0,0,0,0,0,'',0,0,0,0,0,0,'0'),
 (1657,1,'2024-03-21 13:02:58','spaDirectorio_categorias',0,0,0,1,0,1,0,0,0,0,0,'',0,0,0,0,0,0,'0'),
 (1658,1,'2024-03-21 13:03:06','spaDirectorio_categorias',0,0,0,1,0,1,0,0,0,0,0,'',0,0,0,0,0,0,'0'),
 (1659,1,'2024-03-21 13:03:07','spaDirectorio_categorias',0,0,0,1,0,1,0,0,0,0,0,'',0,0,0,0,0,0,'0'),
 (1660,1,'2024-05-20 12:35:54','login',0,0,0,1,0,1,0,0,0,0,0,'',0,0,0,0,0,0,'0'),
 (1661,1,'2024-05-20 12:36:10','directorioCategorias',0,0,0,1,0,1,0,0,0,0,0,'',0,0,0,0,0,0,'0'),
 (1662,1,'2024-05-20 12:36:12','directorioCategorias',0,0,0,1,0,1,0,0,0,0,0,'',0,0,0,0,0,0,'0'),
 (1663,1,'2024-05-20 12:37:01','directorioCategorias',0,0,0,1,0,1,0,0,0,0,0,'',0,0,0,0,0,0,'0'),
 (1664,1,'2024-05-20 12:37:05','directorioCategorias',0,0,0,1,0,1,0,0,0,0,0,'',0,0,0,0,0,0,'0'),
 (1665,1,'2024-05-20 12:37:07','spaDirectorio_categorias',0,0,0,1,0,1,0,0,0,0,0,'',0,0,0,0,0,0,'0'),
 (1666,1,'2024-05-20 12:37:08','spaDirectorio_categorias',0,0,0,1,0,1,0,0,0,0,0,'',0,0,0,0,0,0,'0'),
 (1667,7,'2024-05-20 13:21:17','login',0,0,0,1,19335,3,0,0,0,0,0,'',0,0,0,0,0,0,'0'),
 (1668,7,'2024-05-20 13:21:22','directorioCategorias',0,0,0,1,19335,3,0,0,0,0,0,'',0,0,0,0,0,0,'0'),
 (1669,7,'2024-05-20 13:21:22','directorioCategorias',0,0,0,1,19335,3,0,0,0,0,0,'',0,0,0,0,0,0,'0'),
 (1670,7,'2024-05-20 13:31:16','directorioCategorias',0,0,0,1,19335,3,0,0,0,0,0,'',0,0,0,0,0,0,'0'),
 (1671,7,'2024-05-20 13:31:17','directorioCategorias',0,0,0,1,19335,3,0,0,0,0,0,'',0,0,0,0,0,0,'0'),
 (1672,5,'2024-05-20 15:08:01','login',0,0,0,1,19335,3,0,0,0,0,0,'',0,0,0,0,0,0,'0'),
 (1673,5,'2024-05-20 15:08:05','directorioCategorias',0,0,0,1,19335,3,0,0,0,0,0,'',0,0,0,0,0,0,'0'),
 (1674,5,'2024-05-20 15:08:05','directorioCategorias',0,0,0,1,19335,3,0,0,0,0,0,'',0,0,0,0,0,0,'0'),
 (1675,8,'2024-05-20 15:09:01','login',0,0,0,1,19362,4,0,0,0,0,0,'',0,0,0,0,0,0,'0'),
 (1676,8,'2024-05-20 15:25:16','directorioCategorias',0,0,0,1,19362,4,0,0,0,0,0,'',0,0,0,0,0,0,'0'),
 (1677,8,'2024-05-20 15:25:16','directorioCategorias',0,0,0,1,19362,4,0,0,0,0,0,'',0,0,0,0,0,0,'0'),
 (1678,8,'2024-05-20 15:25:21','directorioCategorias',0,0,0,1,19362,4,0,0,0,0,0,'',0,0,0,0,0,0,'0'),
 (1679,8,'2024-05-20 15:25:22','directorioCategorias',0,0,0,1,19362,4,0,0,0,0,0,'',0,0,0,0,0,0,'0'),
 (1680,8,'2024-05-20 15:25:47','directorioCategorias',0,0,0,1,19362,4,0,0,0,0,0,'',0,0,0,0,0,0,'0'),
 (1681,8,'2024-05-20 15:25:47','directorioCategorias',0,0,0,1,19362,4,0,0,0,0,0,'',0,0,0,0,0,0,'0'),
 (1682,8,'2024-05-20 15:25:56','directorioCategorias',0,0,0,1,19362,4,0,0,0,0,0,'',0,0,0,0,0,0,'0'),
 (1683,8,'2024-05-20 15:26:28','directorioCategorias',0,0,0,1,19362,4,0,0,0,0,0,'',0,0,0,0,0,0,'0'),
 (1684,8,'2024-05-20 15:32:25','directorioCategorias',0,0,0,1,19362,4,0,0,0,0,0,'',0,0,0,0,0,0,'0'),
 (1685,8,'2024-05-20 15:32:26','directorioCategorias',0,0,0,1,19362,4,0,0,0,0,0,'',0,0,0,0,0,0,'0'),
 (1686,8,'2024-05-20 15:37:18','directorioCategorias',0,0,0,1,19362,4,0,0,0,0,0,'',0,0,0,0,0,0,'0'),
 (1687,8,'2024-05-20 15:37:18','directorioCategorias',0,0,0,1,19362,4,0,0,0,0,0,'',0,0,0,0,0,0,'0'),
 (1688,8,'2024-05-20 15:38:22','directorioCategorias',0,0,0,1,19362,4,0,0,0,0,0,'',0,0,0,0,0,0,'0'),
 (1689,8,'2024-05-20 15:38:22','directorioCategorias',0,0,0,1,19362,4,0,0,0,0,0,'',0,0,0,0,0,0,'0'),
 (1690,8,'2024-05-20 15:38:24','spaDirectorio_categorias',0,0,0,1,19362,4,0,0,0,0,0,'',0,0,0,0,0,0,'0'),
 (1691,8,'2024-05-20 15:38:25','spaDirectorio_categorias',0,0,0,1,19362,4,0,0,0,0,0,'',0,0,0,0,0,0,'0'),
 (1692,8,'2024-05-20 15:38:30','directorioCategorias',0,0,0,1,19362,4,0,0,0,0,0,'',0,0,0,0,0,0,'0'),
 (1693,8,'2024-05-20 15:38:30','directorioCategorias',0,0,0,1,19362,4,0,0,0,0,0,'',0,0,0,0,0,0,'0'),
 (1694,8,'2024-05-20 15:39:52','directorioCategorias',0,0,0,1,19362,4,0,0,0,0,0,'',0,0,0,0,0,0,'0'),
 (1695,8,'2024-05-20 15:39:53','directorioCategorias',0,0,0,1,19362,4,0,0,0,0,0,'',0,0,0,0,0,0,'0'),
 (1696,8,'2024-05-20 15:39:53','spaDirectorio_categorias',0,0,0,1,19362,4,0,0,0,0,0,'',0,0,0,0,0,0,'0'),
 (1697,8,'2024-05-20 15:39:54','spaDirectorio_categorias',0,0,0,1,19362,4,0,0,0,0,0,'',0,0,0,0,0,0,'0'),
 (1698,1,'2024-05-20 16:12:40','login',0,0,0,1,0,1,0,0,0,0,0,'',0,0,0,0,0,0,'0'),
 (1699,1,'2024-05-20 17:11:58','login',0,0,0,1,0,1,0,0,0,0,0,'',0,0,0,0,0,0,'0'),
 (1700,1,'2024-05-20 17:12:03','directorioCategorias',0,0,0,1,0,1,0,0,0,0,0,'',0,0,0,0,0,0,'0'),
 (1701,1,'2024-05-20 17:12:04','directorioCategorias',0,0,0,1,0,1,0,0,0,0,0,'',0,0,0,0,0,0,'0'),
 (1702,1,'2024-05-20 17:12:05','spaDirectorio_categorias',0,0,0,1,0,1,0,0,0,0,0,'',0,0,0,0,0,0,'0'),
 (1703,1,'2024-05-20 17:12:06','spaDirectorio_categorias',0,0,0,1,0,1,0,0,0,0,0,'',0,0,0,0,0,0,'0'),
 (1704,1,'2024-05-20 17:12:41','directorioCategorias',0,0,0,1,0,1,0,0,0,0,0,'',0,0,0,0,0,0,'0'),
 (1705,1,'2024-05-20 17:12:42','directorioCategorias',0,0,0,1,0,1,0,0,0,0,0,'',0,0,0,0,0,0,'0'),
 (1706,1,'2024-05-21 12:47:56','login',0,0,0,1,0,1,0,0,0,0,0,'',0,0,0,0,0,0,'0'),
 (1707,1,'2024-05-21 12:48:03','directorioCategorias',0,0,0,1,0,1,0,0,0,0,0,'',0,0,0,0,0,0,'0'),
 (1708,1,'2024-05-21 12:48:04','directorioCategorias',0,0,0,1,0,1,0,0,0,0,0,'',0,0,0,0,0,0,'0');
/*!40000 ALTER TABLE `bigdata_in` ENABLE KEYS */;


--
-- Definition of table `bigdata_out`
--

DROP TABLE IF EXISTS `bigdata_out`;
CREATE TABLE `bigdata_out` (
  `id` int(10) unsigned NOT NULL AUTO_INCREMENT,
  `server_name` varchar(225) NOT NULL DEFAULT ' ',
  `fecha` datetime NOT NULL DEFAULT '1900-01-01 00:00:00',
  `php_self` varchar(225) NOT NULL DEFAULT ' ',
  `http_referer` varchar(225) NOT NULL DEFAULT ' ',
  `http_user_agent` varchar(225) NOT NULL DEFAULT ' ',
  `remote_addr` varchar(225) NOT NULL DEFAULT ' ',
  PRIMARY KEY (`id`),
  UNIQUE KEY `Index_2` (`fecha`) USING BTREE
) ENGINE=InnoDB AUTO_INCREMENT=428 DEFAULT CHARSET=utf8mb4 COMMENT='bigdata_afuera';

--
-- Dumping data for table `bigdata_out`
--

/*!40000 ALTER TABLE `bigdata_out` DISABLE KEYS */;
INSERT INTO `bigdata_out` (`id`,`server_name`,`fecha`,`php_self`,`http_referer`,`http_user_agent`,`remote_addr`) VALUES 
 (5,'localhost','2023-08-30 16:00:21','/STRASOURCING/app/outside.php','http://localhost/STRASOURCING/app/outside.php','Mozilla/5.0 (Windows NT 10.0; Win64; x64) AppleWebKit/537.36 (KHTML, like Gecko) Chrome/116.0.0.0 Safari/537.36','::1'),
 (6,'localhost','2023-08-30 16:00:22','/STRASOURCING/app/outside.php','','Mozilla/5.0 (Windows NT 10.0; Win64; x64) AppleWebKit/537.36 (KHTML, like Gecko) Chrome/116.0.0.0 Safari/537.36','::1'),
 (7,'localhost','2023-08-30 16:02:06','/STRASOURCING/app/outside.php','http://localhost/STRASOURCING/app/outside.php','Mozilla/5.0 (Windows NT 10.0; Win64; x64) AppleWebKit/537.36 (KHTML, like Gecko) Chrome/116.0.0.0 Safari/537.36','::1'),
 (9,'localhost','2023-08-30 16:02:29','/STRASOURCING/app/outside.php','http://localhost/STRASOURCING/app/outside.php','Mozilla/5.0 (Windows NT 10.0; Win64; x64) AppleWebKit/537.36 (KHTML, like Gecko) Chrome/116.0.0.0 Safari/537.36','::1'),
 (10,'localhost','2023-08-30 16:02:30','/STRASOURCING/app/outside.php','','Mozilla/5.0 (Windows NT 10.0; Win64; x64) AppleWebKit/537.36 (KHTML, like Gecko) Chrome/116.0.0.0 Safari/537.36','::1'),
 (11,'localhost','2023-08-30 16:55:50','/STRASOURCING/app/outside.php','','Mozilla/5.0 (Windows NT 10.0; Win64; x64) AppleWebKit/537.36 (KHTML, like Gecko) Chrome/116.0.0.0 Safari/537.36','::1'),
 (12,'localhost','2023-09-04 09:27:32','/strasourcing/app/outside.php','http://localhost/strasourcing/app/outside.php','Mozilla/5.0 (Windows NT 10.0; Win64; x64) AppleWebKit/537.36 (KHTML, like Gecko) Chrome/116.0.0.0 Safari/537.36','::1'),
 (13,'localhost','2023-09-04 09:27:33','/strasourcing/app/outside.php','','Mozilla/5.0 (Windows NT 10.0; Win64; x64) AppleWebKit/537.36 (KHTML, like Gecko) Chrome/116.0.0.0 Safari/537.36','::1'),
 (14,'localhost','2023-09-04 17:08:05','/strasourcing/app/outside.php','http://localhost/strasourcing/app/login.php','Mozilla/5.0 (Windows NT 10.0; Win64; x64) AppleWebKit/537.36 (KHTML, like Gecko) Chrome/116.0.0.0 Safari/537.36','::1'),
 (15,'localhost','2023-09-04 17:08:06','/strasourcing/app/outside.php','','Mozilla/5.0 (Windows NT 10.0; Win64; x64) AppleWebKit/537.36 (KHTML, like Gecko) Chrome/116.0.0.0 Safari/537.36','::1'),
 (16,'localhost','2023-09-04 17:11:47','/strasourcing/app/outside.php','http://localhost/strasourcing/app/login.php','Mozilla/5.0 (Windows NT 10.0; Win64; x64) AppleWebKit/537.36 (KHTML, like Gecko) Chrome/116.0.0.0 Safari/537.36','::1'),
 (18,'localhost','2023-09-04 17:42:48','/strasourcing/app/outside.php','','Mozilla/5.0 (Windows NT 10.0; Win64; x64) AppleWebKit/537.36 (KHTML, like Gecko) Chrome/116.0.0.0 Safari/537.36','::1'),
 (19,'localhost','2023-09-04 17:42:54','/strasourcing/app/outside.php','http://localhost/strasourcing/app/outside.php','Mozilla/5.0 (Windows NT 10.0; Win64; x64) AppleWebKit/537.36 (KHTML, like Gecko) Chrome/116.0.0.0 Safari/537.36','::1'),
 (21,'localhost','2023-09-04 17:42:56','/strasourcing/app/outside.php','http://localhost/strasourcing/app/outside.php','Mozilla/5.0 (Windows NT 10.0; Win64; x64) AppleWebKit/537.36 (KHTML, like Gecko) Chrome/116.0.0.0 Safari/537.36','::1'),
 (23,'localhost','2023-09-04 18:13:09','/strasourcing/app/outside.php','http://localhost/strasourcing/app/enviarcorreo/index.php?email=carlosperazavz@gmail.com&contacto=cperaza&usuario=11&asunto=Cambio%20de%20Clave%20del%20usuario%20cperaza%20en%20el%20sistema%20de%20StraSourcing...%20&mensaje=Po','Mozilla/5.0 (Windows NT 10.0; Win64; x64) AppleWebKit/537.36 (KHTML, like Gecko) Chrome/116.0.0.0 Safari/537.36','::1'),
 (24,'localhost','2023-09-04 18:13:10','/strasourcing/app/outside.php','','Mozilla/5.0 (Windows NT 10.0; Win64; x64) AppleWebKit/537.36 (KHTML, like Gecko) Chrome/116.0.0.0 Safari/537.36','::1'),
 (25,'localhost','2023-09-04 18:18:11','/strasourcing/app/outside.php','http://localhost/strasourcing/app/enviarcorreo/index.php?email=carlosperazavz@gmail.com&contacto=cperaza&usuario=11&asunto=Cambio%20de%20Clave%20del%20usuario%20cperaza%20en%20el%20sistema%20de%20StraSourcing...%20&mensaje=Po','Mozilla/5.0 (Windows NT 10.0; Win64; x64) AppleWebKit/537.36 (KHTML, like Gecko) Chrome/116.0.0.0 Safari/537.36','::1'),
 (27,'localhost','2023-09-04 18:33:42','/strasourcing/app/outside.php','http://localhost/strasourcing/app/cambioClave.php','Mozilla/5.0 (Windows NT 10.0; Win64; x64) AppleWebKit/537.36 (KHTML, like Gecko) Chrome/116.0.0.0 Safari/537.36','::1'),
 (29,'localhost','2023-09-04 18:34:24','/strasourcing/app/outside.php','http://localhost/strasourcing/app/login.php','Mozilla/5.0 (Windows NT 10.0; Win64; x64) AppleWebKit/537.36 (KHTML, like Gecko) Chrome/116.0.0.0 Safari/537.36','::1'),
 (31,'localhost','2023-09-04 18:36:10','/strasourcing/app/outside.php','http://localhost/strasourcing/app/enviarcorreo/index.php?email=carlosperazavz@gmail.com&contacto=cperaza&usuario=11&asunto=Cambio%20de%20Clave%20del%20usuario%20cperaza%20en%20el%20sistema%20de%20StraSourcing...%20&mensaje=%3','Mozilla/5.0 (Windows NT 10.0; Win64; x64) AppleWebKit/537.36 (KHTML, like Gecko) Chrome/116.0.0.0 Safari/537.36','::1'),
 (32,'localhost','2023-09-04 18:36:32','/strasourcing/app/outside.php','','Mozilla/5.0 (Windows NT 10.0; Win64; x64) AppleWebKit/537.36 (KHTML, like Gecko) Chrome/116.0.0.0 Safari/537.36','::1'),
 (33,'localhost','2023-09-04 18:40:34','/strasourcing/app/outside.php','http://localhost/strasourcing/app/cambioClave.php','Mozilla/5.0 (Windows NT 10.0; Win64; x64) AppleWebKit/537.36 (KHTML, like Gecko) Chrome/116.0.0.0 Safari/537.36','::1'),
 (34,'localhost','2023-09-04 18:40:35','/strasourcing/app/outside.php','','Mozilla/5.0 (Windows NT 10.0; Win64; x64) AppleWebKit/537.36 (KHTML, like Gecko) Chrome/116.0.0.0 Safari/537.36','::1'),
 (35,'localhost','2023-09-04 18:41:00','/strasourcing/app/outside.php','http://localhost/strasourcing/app/enviarcorreo/index.php?email=carlosperazavz@gmail.com&contacto=cperaza&usuario=11&asunto=Cambio%20de%20Clave%20del%20usuario%20cperaza%20en%20el%20sistema%20de%20StraSourcing...%20&mensaje=%3','Mozilla/5.0 (Windows NT 10.0; Win64; x64) AppleWebKit/537.36 (KHTML, like Gecko) Chrome/116.0.0.0 Safari/537.36','::1'),
 (36,'localhost','2023-09-04 18:41:01','/strasourcing/app/outside.php','','Mozilla/5.0 (Windows NT 10.0; Win64; x64) AppleWebKit/537.36 (KHTML, like Gecko) Chrome/116.0.0.0 Safari/537.36','::1'),
 (37,'localhost','2023-09-04 18:57:45','/strasourcing/app/outside.php','http://localhost/strasourcing/app/cambioClave.php?u=11','Mozilla/5.0 (Windows NT 10.0; Win64; x64) AppleWebKit/537.36 (KHTML, like Gecko) Chrome/116.0.0.0 Safari/537.36','::1'),
 (38,'localhost','2023-09-04 18:57:46','/strasourcing/app/outside.php','','Mozilla/5.0 (Windows NT 10.0; Win64; x64) AppleWebKit/537.36 (KHTML, like Gecko) Chrome/116.0.0.0 Safari/537.36','::1'),
 (39,'localhost','2023-09-04 20:41:29','/strasourcing/app/outside.php','','Mozilla/5.0 (Windows NT 10.0; Win64; x64) AppleWebKit/537.36 (KHTML, like Gecko) Chrome/116.0.0.0 Safari/537.36','::1'),
 (40,'localhost','2023-09-04 20:48:38','/strasourcing/app/outside.php','http://localhost/strasourcing/app/outside.php','Mozilla/5.0 (Windows NT 10.0; Win64; x64) AppleWebKit/537.36 (KHTML, like Gecko) Chrome/116.0.0.0 Safari/537.36','::1'),
 (41,'localhost','2023-09-04 20:48:39','/strasourcing/app/outside.php','','Mozilla/5.0 (Windows NT 10.0; Win64; x64) AppleWebKit/537.36 (KHTML, like Gecko) Chrome/116.0.0.0 Safari/537.36','::1'),
 (42,'localhost','2023-09-05 09:46:29','/strasourcing/app/outside.php','','Mozilla/5.0 (Windows NT 10.0; Win64; x64) AppleWebKit/537.36 (KHTML, like Gecko) Chrome/116.0.0.0 Safari/537.36','::1'),
 (44,'localhost','2023-09-05 09:50:16','/strasourcing/app/outside.php','','Mozilla/5.0 (Windows NT 10.0; Win64; x64) AppleWebKit/537.36 (KHTML, like Gecko) Chrome/116.0.0.0 Safari/537.36','::1'),
 (45,'localhost','2023-09-05 09:50:17','/strasourcing/app/outside.php','','Mozilla/5.0 (Windows NT 10.0; Win64; x64) AppleWebKit/537.36 (KHTML, like Gecko) Chrome/116.0.0.0 Safari/537.36','::1'),
 (46,'localhost','2023-09-05 09:53:10','/strasourcing/app/outside.php','http://localhost/strasourcing/app/enviarcorreo/index.php?email=carlosperazavz@gmail.com&contacto=cperaza&usuario=11&asunto=Cambio%20de%20Clave%20del%20usuario%20cperaza%20en%20el%20sistema%20de%20StraSourcing...%20&mensaje=%3','Mozilla/5.0 (Windows NT 10.0; Win64; x64) AppleWebKit/537.36 (KHTML, like Gecko) Chrome/116.0.0.0 Safari/537.36','::1'),
 (48,'localhost','2023-09-05 10:49:16','/strasourcing/app/outside.php','http://localhost/strasourcing/app/cambioClave.php','Mozilla/5.0 (Windows NT 10.0; Win64; x64) AppleWebKit/537.36 (KHTML, like Gecko) Chrome/116.0.0.0 Safari/537.36','::1'),
 (50,'localhost','2023-09-05 10:51:28','/strasourcing/app/outside.php','http://localhost/strasourcing/app/cambioClave.php','Mozilla/5.0 (Windows NT 10.0; Win64; x64) AppleWebKit/537.36 (KHTML, like Gecko) Chrome/116.0.0.0 Safari/537.36','::1'),
 (52,'localhost','2023-09-05 10:52:41','/strasourcing/app/outside.php','http://localhost/strasourcing/app/cambioClave.php','Mozilla/5.0 (Windows NT 10.0; Win64; x64) AppleWebKit/537.36 (KHTML, like Gecko) Chrome/116.0.0.0 Safari/537.36','::1'),
 (54,'localhost','2023-09-05 10:57:51','/strasourcing/app/outside.php','','Mozilla/5.0 (Windows NT 10.0; Win64; x64) AppleWebKit/537.36 (KHTML, like Gecko) Chrome/116.0.0.0 Safari/537.36','::1'),
 (56,'localhost','2023-09-05 10:58:44','/strasourcing/app/outside.php','','Mozilla/5.0 (Windows NT 10.0; Win64; x64) AppleWebKit/537.36 (KHTML, like Gecko) Chrome/116.0.0.0 Safari/537.36','::1'),
 (57,'localhost','2023-09-05 10:58:45','/strasourcing/app/outside.php','','Mozilla/5.0 (Windows NT 10.0; Win64; x64) AppleWebKit/537.36 (KHTML, like Gecko) Chrome/116.0.0.0 Safari/537.36','::1'),
 (58,'localhost','2023-09-05 11:04:02','/strasourcing/app/outside.php','','Mozilla/5.0 (Windows NT 10.0; Win64; x64) AppleWebKit/537.36 (KHTML, like Gecko) Chrome/116.0.0.0 Safari/537.36','::1'),
 (60,'localhost','2023-09-05 11:07:07','/strasourcing/app/outside.php','','Mozilla/5.0 (Windows NT 10.0; Win64; x64) AppleWebKit/537.36 (KHTML, like Gecko) Chrome/116.0.0.0 Safari/537.36','::1'),
 (62,'localhost','2023-09-05 11:07:39','/strasourcing/app/outside.php','http://localhost/strasourcing/app/enviarcorreo/index.php?email=carlosperazavz@gmail.com&contacto=cperaza&usuario=7&asunto=Cambio%20de%20Clave%20del%20usuario%20cperaza%20en%20el%20sistema%20de%20StraSourcing...%20&mensaje=%3C','Mozilla/5.0 (Windows NT 10.0; Win64; x64) AppleWebKit/537.36 (KHTML, like Gecko) Chrome/116.0.0.0 Safari/537.36','::1'),
 (63,'localhost','2023-09-05 11:07:40','/strasourcing/app/outside.php','','Mozilla/5.0 (Windows NT 10.0; Win64; x64) AppleWebKit/537.36 (KHTML, like Gecko) Chrome/116.0.0.0 Safari/537.36','::1'),
 (64,'localhost','2023-09-05 11:07:56','/strasourcing/app/outside.php','http://localhost/strasourcing/app/cambioClave.php','Mozilla/5.0 (Windows NT 10.0; Win64; x64) AppleWebKit/537.36 (KHTML, like Gecko) Chrome/116.0.0.0 Safari/537.36','::1'),
 (66,'localhost','2023-09-05 12:50:12','/strasourcing/app/outside.php','','Mozilla/5.0 (Windows NT 10.0; Win64; x64) AppleWebKit/537.36 (KHTML, like Gecko) Chrome/116.0.0.0 Safari/537.36','::1'),
 (68,'localhost','2023-09-05 13:07:02','/strasourcing/app/outside.php','','Mozilla/5.0 (Windows NT 10.0; Win64; x64) AppleWebKit/537.36 (KHTML, like Gecko) Chrome/116.0.0.0 Safari/537.36','::1'),
 (69,'localhost','2023-09-05 13:07:03','/strasourcing/app/outside.php','','Mozilla/5.0 (Windows NT 10.0; Win64; x64) AppleWebKit/537.36 (KHTML, like Gecko) Chrome/116.0.0.0 Safari/537.36','::1'),
 (70,'localhost','2023-09-05 13:17:22','/strasourcing/app/outside.php','','Mozilla/5.0 (Windows NT 10.0; Win64; x64) AppleWebKit/537.36 (KHTML, like Gecko) Chrome/116.0.0.0 Safari/537.36','::1'),
 (71,'localhost','2023-09-05 13:17:23','/strasourcing/app/outside.php','','Mozilla/5.0 (Windows NT 10.0; Win64; x64) AppleWebKit/537.36 (KHTML, like Gecko) Chrome/116.0.0.0 Safari/537.36','::1'),
 (72,'localhost','2023-09-05 13:22:55','/strasourcing/app/outside.php','','Mozilla/5.0 (Windows NT 10.0; Win64; x64) AppleWebKit/537.36 (KHTML, like Gecko) Chrome/116.0.0.0 Safari/537.36','::1'),
 (74,'localhost','2023-09-05 13:26:49','/strasourcing/app/outside.php','','Mozilla/5.0 (Windows NT 10.0; Win64; x64) AppleWebKit/537.36 (KHTML, like Gecko) Chrome/116.0.0.0 Safari/537.36','::1'),
 (76,'localhost','2023-09-05 13:27:16','/strasourcing/app/outside.php','','Mozilla/5.0 (Windows NT 10.0; Win64; x64) AppleWebKit/537.36 (KHTML, like Gecko) Chrome/116.0.0.0 Safari/537.36','::1'),
 (77,'localhost','2023-09-05 13:27:17','/strasourcing/app/outside.php','','Mozilla/5.0 (Windows NT 10.0; Win64; x64) AppleWebKit/537.36 (KHTML, like Gecko) Chrome/116.0.0.0 Safari/537.36','::1'),
 (78,'localhost','2023-09-05 19:30:34','/strasourcing/app/outside.php','','Mozilla/5.0 (Windows NT 10.0; Win64; x64) AppleWebKit/537.36 (KHTML, like Gecko) Chrome/116.0.0.0 Safari/537.36','::1'),
 (79,'localhost','2023-09-05 19:32:04','/strasourcing/app/outside.php','','Mozilla/5.0 (Windows NT 10.0; Win64; x64) AppleWebKit/537.36 (KHTML, like Gecko) Chrome/116.0.0.0 Safari/537.36','::1'),
 (80,'localhost','2023-09-06 15:37:07','/strasourcing/app/outside.php','','Mozilla/5.0 (Windows NT 10.0; Win64; x64) AppleWebKit/537.36 (KHTML, like Gecko) Chrome/116.0.0.0 Safari/537.36','::1'),
 (81,'localhost','2023-09-06 15:37:08','/strasourcing/app/outside.php','','Mozilla/5.0 (Windows NT 10.0; Win64; x64) AppleWebKit/537.36 (KHTML, like Gecko) Chrome/116.0.0.0 Safari/537.36','::1'),
 (82,'localhost','2023-09-11 10:35:30','/strasourcing/app/outside.php','','Mozilla/5.0 (Windows NT 10.0; Win64; x64) AppleWebKit/537.36 (KHTML, like Gecko) Chrome/116.0.0.0 Safari/537.36','::1'),
 (83,'localhost','2023-09-11 10:35:31','/strasourcing/app/outside.php','','Mozilla/5.0 (Windows NT 10.0; Win64; x64) AppleWebKit/537.36 (KHTML, like Gecko) Chrome/116.0.0.0 Safari/537.36','::1'),
 (84,'localhost','2023-09-11 14:58:13','/strasourcing/app/outside.php','','Mozilla/5.0 (Windows NT 10.0; Win64; x64) AppleWebKit/537.36 (KHTML, like Gecko) Chrome/116.0.0.0 Safari/537.36','::1'),
 (85,'localhost','2023-09-11 14:58:14','/strasourcing/app/outside.php','','Mozilla/5.0 (Windows NT 10.0; Win64; x64) AppleWebKit/537.36 (KHTML, like Gecko) Chrome/116.0.0.0 Safari/537.36','::1'),
 (86,'localhost','2023-09-11 17:17:42','/strasourcing/app/outside.php','http://localhost/strasourcing/app/login.php','Mozilla/5.0 (Windows NT 10.0; Win64; x64) AppleWebKit/537.36 (KHTML, like Gecko) Chrome/116.0.0.0 Safari/537.36','::1'),
 (89,'localhost','2023-09-12 15:40:05','/strasourcing/app/outside.php','','Mozilla/5.0 (Windows NT 10.0; Win64; x64) AppleWebKit/537.36 (KHTML, like Gecko) Chrome/116.0.0.0 Safari/537.36','::1'),
 (90,'localhost','2023-09-14 12:47:19','/strasourcing/app/outside.php','','Mozilla/5.0 (Windows NT 10.0; Win64; x64) AppleWebKit/537.36 (KHTML, like Gecko) Chrome/116.0.0.0 Safari/537.36','::1'),
 (91,'localhost','2023-09-14 12:47:21','/strasourcing/app/outside.php','','Mozilla/5.0 (Windows NT 10.0; Win64; x64) AppleWebKit/537.36 (KHTML, like Gecko) Chrome/116.0.0.0 Safari/537.36','::1'),
 (92,'localhost','2023-09-18 15:17:28','/strasourcing/app/outside.php','http://localhost/strasourcing/app/outside.php','Mozilla/5.0 (Windows NT 10.0; Win64; x64) AppleWebKit/537.36 (KHTML, like Gecko) Chrome/116.0.0.0 Safari/537.36','::1'),
 (93,'localhost','2023-09-18 15:17:29','/strasourcing/app/outside.php','','Mozilla/5.0 (Windows NT 10.0; Win64; x64) AppleWebKit/537.36 (KHTML, like Gecko) Chrome/116.0.0.0 Safari/537.36','::1'),
 (94,'localhost','2023-09-18 20:31:11','/strasourcing/app/outside.php','','Mozilla/5.0 (Windows NT 10.0; Win64; x64) AppleWebKit/537.36 (KHTML, like Gecko) Chrome/116.0.0.0 Safari/537.36','::1'),
 (96,'localhost','2023-09-19 09:07:12','/strasourcing/app/outside.php','http://localhost/strasourcing/app/login.php','Mozilla/5.0 (Windows NT 10.0; Win64; x64) AppleWebKit/537.36 (KHTML, like Gecko) Chrome/116.0.0.0 Safari/537.36','::1'),
 (97,'localhost','2023-09-19 09:07:13','/strasourcing/app/outside.php','','Mozilla/5.0 (Windows NT 10.0; Win64; x64) AppleWebKit/537.36 (KHTML, like Gecko) Chrome/116.0.0.0 Safari/537.36','::1'),
 (98,'localhost','2023-09-19 09:27:56','/strasourcing/app/outside.php','http://localhost/strasourcing/app/registrate_gratis/proveedor_paso3.php','Mozilla/5.0 (Windows NT 10.0; Win64; x64) AppleWebKit/537.36 (KHTML, like Gecko) Chrome/116.0.0.0 Safari/537.36','::1'),
 (99,'localhost','2023-09-19 09:27:57','/strasourcing/app/outside.php','','Mozilla/5.0 (Windows NT 10.0; Win64; x64) AppleWebKit/537.36 (KHTML, like Gecko) Chrome/116.0.0.0 Safari/537.36','::1'),
 (100,'localhost','2023-09-19 10:02:19','/strasourcing/app/outside.php','http://localhost/strasourcing/app/login.php','Mozilla/5.0 (Windows NT 10.0; Win64; x64) AppleWebKit/537.36 (KHTML, like Gecko) Chrome/117.0.0.0 Safari/537.36 Edg/117.0.2045.31','::1'),
 (101,'localhost','2023-09-19 14:36:27','/strasourcing/app/outside.php','','Mozilla/5.0 (Windows NT 10.0; Win64; x64) AppleWebKit/537.36 (KHTML, like Gecko) Chrome/116.0.0.0 Safari/537.36','::1'),
 (102,'localhost','2023-09-19 14:36:28','/strasourcing/app/outside.php','','Mozilla/5.0 (Windows NT 10.0; Win64; x64) AppleWebKit/537.36 (KHTML, like Gecko) Chrome/116.0.0.0 Safari/537.36','::1'),
 (103,'localhost','2023-09-20 12:55:51','/strasourcing/app/outside.php','','Mozilla/5.0 (Windows NT 10.0; Win64; x64) AppleWebKit/537.36 (KHTML, like Gecko) Chrome/116.0.0.0 Safari/537.36','::1'),
 (104,'localhost','2023-09-22 13:40:02','/strasourcing/app/outside.php','','Mozilla/5.0 (Windows NT 10.0; Win64; x64) AppleWebKit/537.36 (KHTML, like Gecko) Chrome/116.0.0.0 Safari/537.36','::1'),
 (105,'localhost','2023-09-22 13:40:03','/strasourcing/app/outside.php','','Mozilla/5.0 (Windows NT 10.0; Win64; x64) AppleWebKit/537.36 (KHTML, like Gecko) Chrome/116.0.0.0 Safari/537.36','::1'),
 (106,'localhost','2023-09-26 12:54:45','/strasourcing/app/outside.php','','Mozilla/5.0 (Windows NT 10.0; Win64; x64) AppleWebKit/537.36 (KHTML, like Gecko) Chrome/116.0.0.0 Safari/537.36','::1'),
 (107,'localhost','2023-09-26 12:54:46','/strasourcing/app/outside.php','','Mozilla/5.0 (Windows NT 10.0; Win64; x64) AppleWebKit/537.36 (KHTML, like Gecko) Chrome/116.0.0.0 Safari/537.36','::1'),
 (108,'localhost','2023-09-27 10:20:33','/strasourcing/app/outside.php','','Mozilla/5.0 (Windows NT 10.0; Win64; x64) AppleWebKit/537.36 (KHTML, like Gecko) Chrome/116.0.0.0 Safari/537.36','::1'),
 (110,'localhost','2023-09-29 16:07:40','/strasourcing/app/outside.php','','Mozilla/5.0 (Windows NT 10.0; Win64; x64) AppleWebKit/537.36 (KHTML, like Gecko) Chrome/117.0.0.0 Safari/537.36','::1'),
 (112,'localhost','2023-09-30 18:03:14','/strasourcing/app/outside.php','','Mozilla/5.0 (Windows NT 10.0; Win64; x64) AppleWebKit/537.36 (KHTML, like Gecko) Chrome/117.0.0.0 Safari/537.36','::1'),
 (114,'localhost','2023-10-02 10:35:37','/strasourcing/app/outside.php','','Mozilla/5.0 (Windows NT 10.0; Win64; x64) AppleWebKit/537.36 (KHTML, like Gecko) Chrome/117.0.0.0 Safari/537.36','::1'),
 (115,'localhost','2023-10-02 10:35:40','/strasourcing/app/outside.php','','Mozilla/5.0 (Windows NT 10.0; Win64; x64) AppleWebKit/537.36 (KHTML, like Gecko) Chrome/117.0.0.0 Safari/537.36','::1'),
 (116,'localhost','2023-10-02 10:49:20','/strasourcing/app/outside.php','','Mozilla/5.0 (Windows NT 10.0; Win64; x64) AppleWebKit/537.36 (KHTML, like Gecko) Chrome/117.0.0.0 Safari/537.36','::1'),
 (117,'localhost','2023-10-02 10:49:21','/strasourcing/app/outside.php','','Mozilla/5.0 (Windows NT 10.0; Win64; x64) AppleWebKit/537.36 (KHTML, like Gecko) Chrome/117.0.0.0 Safari/537.36','::1'),
 (118,'localhost','2023-10-04 09:43:16','/strasourcing/app/outside.php','','Mozilla/5.0 (Windows NT 10.0; Win64; x64) AppleWebKit/537.36 (KHTML, like Gecko) Chrome/117.0.0.0 Safari/537.36','::1'),
 (119,'localhost','2023-10-04 09:43:18','/strasourcing/app/outside.php','','Mozilla/5.0 (Windows NT 10.0; Win64; x64) AppleWebKit/537.36 (KHTML, like Gecko) Chrome/117.0.0.0 Safari/537.36','::1'),
 (120,'localhost','2023-10-04 10:46:02','/strasourcing/app/outside.php','http://localhost/strasourcing/app/login.php','Mozilla/5.0 (Windows NT 10.0; Win64; x64) AppleWebKit/537.36 (KHTML, like Gecko) Chrome/117.0.0.0 Safari/537.36','::1'),
 (121,'localhost','2023-10-04 10:46:03','/strasourcing/app/outside.php','','Mozilla/5.0 (Windows NT 10.0; Win64; x64) AppleWebKit/537.36 (KHTML, like Gecko) Chrome/117.0.0.0 Safari/537.36','::1'),
 (123,'localhost','2023-10-06 08:44:32','/strasourcing/app/outside.php','','Mozilla/5.0 (Windows NT 10.0; Win64; x64) AppleWebKit/537.36 (KHTML, like Gecko) Chrome/117.0.0.0 Safari/537.36','::1'),
 (124,'localhost','2023-10-06 08:44:44','/strasourcing/app/outside.php','','Mozilla/5.0 (Windows NT 10.0; Win64; x64) AppleWebKit/537.36 (KHTML, like Gecko) Chrome/117.0.0.0 Safari/537.36','::1'),
 (125,'localhost','2023-10-06 10:21:23','/strasourcing/app/outside.php','http://localhost/strasourcing/app/login.php','Mozilla/5.0 (Windows NT 10.0; Win64; x64) AppleWebKit/537.36 (KHTML, like Gecko) Chrome/117.0.0.0 Safari/537.36','::1'),
 (126,'localhost','2023-10-06 10:21:24','/strasourcing/app/outside.php','','Mozilla/5.0 (Windows NT 10.0; Win64; x64) AppleWebKit/537.36 (KHTML, like Gecko) Chrome/117.0.0.0 Safari/537.36','::1'),
 (127,'localhost','2023-10-06 10:26:23','/strasourcing/app/outside.php','http://localhost/strasourcing/app/registrate_gratis/comprador.php','Mozilla/5.0 (Windows NT 10.0; Win64; x64) AppleWebKit/537.36 (KHTML, like Gecko) Chrome/117.0.0.0 Safari/537.36','::1'),
 (129,'localhost','2023-10-06 11:23:12','/strasourcing/app/outside.php','http://localhost/strasourcing/app/login.php','Mozilla/5.0 (Windows NT 10.0; Win64; x64) AppleWebKit/537.36 (KHTML, like Gecko) Chrome/117.0.0.0 Safari/537.36','::1'),
 (130,'localhost','2023-10-06 11:23:13','/strasourcing/app/outside.php','','Mozilla/5.0 (Windows NT 10.0; Win64; x64) AppleWebKit/537.36 (KHTML, like Gecko) Chrome/117.0.0.0 Safari/537.36','::1'),
 (131,'localhost','2023-10-06 11:45:08','/strasourcing/app/outside.php','http://localhost/strasourcing/app/registrate_gratis/comprador.php','Mozilla/5.0 (Windows NT 10.0; Win64; x64) AppleWebKit/537.36 (KHTML, like Gecko) Chrome/117.0.0.0 Safari/537.36','::1'),
 (132,'localhost','2023-10-06 11:45:09','/strasourcing/app/outside.php','','Mozilla/5.0 (Windows NT 10.0; Win64; x64) AppleWebKit/537.36 (KHTML, like Gecko) Chrome/117.0.0.0 Safari/537.36','::1'),
 (133,'localhost','2023-10-06 11:48:26','/strasourcing/app/outside.php','http://localhost/strasourcing/app/login.php','Mozilla/5.0 (Windows NT 10.0; Win64; x64) AppleWebKit/537.36 (KHTML, like Gecko) Chrome/117.0.0.0 Safari/537.36','::1'),
 (134,'localhost','2023-10-06 11:48:27','/strasourcing/app/outside.php','','Mozilla/5.0 (Windows NT 10.0; Win64; x64) AppleWebKit/537.36 (KHTML, like Gecko) Chrome/117.0.0.0 Safari/537.36','::1'),
 (135,'localhost','2023-10-06 13:46:41','/strasourcing/app/outside.php','http://localhost/strasourcing/app/enviarcorreo/index.php?email=maritzavina@gmail.com&contacto=Maitzas%20Vina&usuario=Maitzas%20Vina&asunto=Gracias%20por%20registrar%20su%20empresa%20al%20sistema%20de%20Strasourcing,%20estarem','Mozilla/5.0 (Windows NT 10.0; Win64; x64) AppleWebKit/537.36 (KHTML, like Gecko) Chrome/117.0.0.0 Safari/537.36','::1'),
 (136,'localhost','2023-10-06 13:46:42','/strasourcing/app/outside.php','','Mozilla/5.0 (Windows NT 10.0; Win64; x64) AppleWebKit/537.36 (KHTML, like Gecko) Chrome/117.0.0.0 Safari/537.36','::1'),
 (137,'localhost','2023-10-06 14:31:35','/strasourcing/app/outside.php','http://localhost/strasourcing/app/login.php','Mozilla/5.0 (Windows NT 10.0; Win64; x64) AppleWebKit/537.36 (KHTML, like Gecko) Chrome/117.0.0.0 Safari/537.36','::1'),
 (138,'localhost','2023-10-06 14:31:36','/strasourcing/app/outside.php','','Mozilla/5.0 (Windows NT 10.0; Win64; x64) AppleWebKit/537.36 (KHTML, like Gecko) Chrome/117.0.0.0 Safari/537.36','::1'),
 (139,'localhost','2023-10-06 14:53:37','/strasourcing/app/outside.php','http://localhost/strasourcing/app/enviarcorreo/index.php?email=porfi@gmail.com&contacto=PorfiriomTorres&usuario=PorfiriomTorres&asunto=Gracias%20por%20registrar%20su%20empresa%20como%20proveedor%20al%20sistema%20de%20Strasour','Mozilla/5.0 (Windows NT 10.0; Win64; x64) AppleWebKit/537.36 (KHTML, like Gecko) Chrome/117.0.0.0 Safari/537.36','::1'),
 (140,'localhost','2023-10-06 14:53:38','/strasourcing/app/outside.php','','Mozilla/5.0 (Windows NT 10.0; Win64; x64) AppleWebKit/537.36 (KHTML, like Gecko) Chrome/117.0.0.0 Safari/537.36','::1'),
 (141,'localhost','2023-10-06 14:55:23','/strasourcing/app/outside.php','http://localhost/strasourcing/app/registrate_gratis/proveedor_paso2.php','Mozilla/5.0 (Windows NT 10.0; Win64; x64) AppleWebKit/537.36 (KHTML, like Gecko) Chrome/117.0.0.0 Safari/537.36','::1'),
 (143,'localhost','2023-10-06 15:08:29','/strasourcing/app/outside.php','http://localhost/strasourcing/app/registrate_gratis/proveedor.php','Mozilla/5.0 (Windows NT 10.0; Win64; x64) AppleWebKit/537.36 (KHTML, like Gecko) Chrome/117.0.0.0 Safari/537.36','::1'),
 (145,'localhost','2023-10-06 15:21:43','/strasourcing/app/outside.php','http://localhost/strasourcing/app/registrate_gratis/comprador.php','Mozilla/5.0 (Windows NT 10.0; Win64; x64) AppleWebKit/537.36 (KHTML, like Gecko) Chrome/117.0.0.0 Safari/537.36','::1'),
 (146,'localhost','2023-10-06 15:21:44','/strasourcing/app/outside.php','','Mozilla/5.0 (Windows NT 10.0; Win64; x64) AppleWebKit/537.36 (KHTML, like Gecko) Chrome/117.0.0.0 Safari/537.36','::1'),
 (147,'localhost','2023-10-06 15:35:19','/strasourcing/app/outside.php','http://localhost/strasourcing/app/registrate_gratis/comprador.php','Mozilla/5.0 (Windows NT 10.0; Win64; x64) AppleWebKit/537.36 (KHTML, like Gecko) Chrome/117.0.0.0 Safari/537.36','::1'),
 (148,'localhost','2023-10-06 15:35:20','/strasourcing/app/outside.php','','Mozilla/5.0 (Windows NT 10.0; Win64; x64) AppleWebKit/537.36 (KHTML, like Gecko) Chrome/117.0.0.0 Safari/537.36','::1'),
 (149,'localhost','2023-10-06 15:35:29','/strasourcing/app/outside.php','','Mozilla/5.0 (Windows NT 10.0; Win64; x64) AppleWebKit/537.36 (KHTML, like Gecko) Chrome/117.0.0.0 Safari/537.36','::1'),
 (150,'localhost','2023-10-06 15:35:31','/strasourcing/app/outside.php','','Mozilla/5.0 (Windows NT 10.0; Win64; x64) AppleWebKit/537.36 (KHTML, like Gecko) Chrome/117.0.0.0 Safari/537.36','::1'),
 (151,'localhost','2023-10-06 15:35:34','/strasourcing/app/outside.php','','Mozilla/5.0 (Windows NT 10.0; Win64; x64) AppleWebKit/537.36 (KHTML, like Gecko) Chrome/117.0.0.0 Safari/537.36','::1'),
 (152,'localhost','2023-10-06 15:41:28','/strasourcing/app/outside.php','http://localhost/strasourcing/app/registrate_gratis/proveedor_paso2.php','Mozilla/5.0 (Windows NT 10.0; Win64; x64) AppleWebKit/537.36 (KHTML, like Gecko) Chrome/117.0.0.0 Safari/537.36','::1'),
 (153,'localhost','2023-10-06 15:41:29','/strasourcing/app/outside.php','','Mozilla/5.0 (Windows NT 10.0; Win64; x64) AppleWebKit/537.36 (KHTML, like Gecko) Chrome/117.0.0.0 Safari/537.36','::1'),
 (154,'localhost','2023-10-06 16:09:03','/strasourcing/app/outside.php','http://localhost/strasourcing/app/registrate_gratis/comprador.php','Mozilla/5.0 (Windows NT 10.0; Win64; x64) AppleWebKit/537.36 (KHTML, like Gecko) Chrome/117.0.0.0 Safari/537.36','::1'),
 (155,'localhost','2023-10-06 16:09:04','/strasourcing/app/outside.php','','Mozilla/5.0 (Windows NT 10.0; Win64; x64) AppleWebKit/537.36 (KHTML, like Gecko) Chrome/117.0.0.0 Safari/537.36','::1'),
 (156,'localhost','2023-10-06 19:09:56','/strasourcing/app/outside.php','http://localhost/strasourcing/app/enviarcorreo/index.php?email=cpdigitalsolution@yahoo.com.ve&contacto=Proveedor%20Elecsa,%20c.a.%20Cta:%2019362&usuario=8&asunto=Su%20cuenta%2019362%20de%20StraSourcing%20esta%20suspendida...%','Mozilla/5.0 (Windows NT 10.0; Win64; x64) AppleWebKit/537.36 (KHTML, like Gecko) Chrome/117.0.0.0 Safari/537.36','::1'),
 (158,'localhost','2023-10-06 19:15:12','/strasourcing/app/outside.php','http://localhost/strasourcing/app/enviarcorreo/index.php?email=cpdigitalsolution@yahoo.com.ve&contacto=Proveedor%20Elecsa,%20c.a.%20Cta:%2019362&usuario=8&asunto=Su%20cuenta%2019362%20de%20StraSourcing%20esta%20suspendida...%','Mozilla/5.0 (Windows NT 10.0; Win64; x64) AppleWebKit/537.36 (KHTML, like Gecko) Chrome/117.0.0.0 Safari/537.36','::1'),
 (159,'localhost','2023-10-06 19:15:13','/strasourcing/app/outside.php','','Mozilla/5.0 (Windows NT 10.0; Win64; x64) AppleWebKit/537.36 (KHTML, like Gecko) Chrome/117.0.0.0 Safari/537.36','::1'),
 (160,'localhost','2023-10-06 20:15:23','/strasourcing/app/outside.php','http://localhost/strasourcing/app/login.php?ll=cperaza&pp=81dc9bdb52d04dc20036dbd8313ed055','Mozilla/5.0 (Windows NT 10.0; Win64; x64) AppleWebKit/537.36 (KHTML, like Gecko) Chrome/117.0.0.0 Safari/537.36','::1'),
 (162,'localhost','2023-10-07 09:00:48','/strasourcing/app/outside.php','','Mozilla/5.0 (Windows NT 10.0; Win64; x64) AppleWebKit/537.36 (KHTML, like Gecko) Chrome/117.0.0.0 Safari/537.36','::1'),
 (163,'localhost','2023-10-07 09:00:50','/strasourcing/app/outside.php','','Mozilla/5.0 (Windows NT 10.0; Win64; x64) AppleWebKit/537.36 (KHTML, like Gecko) Chrome/117.0.0.0 Safari/537.36','::1'),
 (164,'localhost','2023-10-07 09:06:42','/strasourcing/app/outside.php','http://localhost/strasourcing/app/enviarcorreo/index.php?email=cpdigitalsolution@yahoo.com.ve&contacto=Proveedor%20Elecsa,%20c.a.%20Cta:%2019362&usuario=8&asunto=Su%20cuenta%2019362%20de%20StraSourcing%20esta%20suspendida...%','Mozilla/5.0 (Windows NT 10.0; Win64; x64) AppleWebKit/537.36 (KHTML, like Gecko) Chrome/117.0.0.0 Safari/537.36','::1'),
 (165,'localhost','2023-10-07 09:06:43','/strasourcing/app/outside.php','','Mozilla/5.0 (Windows NT 10.0; Win64; x64) AppleWebKit/537.36 (KHTML, like Gecko) Chrome/117.0.0.0 Safari/537.36','::1'),
 (166,'localhost','2023-10-07 12:28:38','/strasourcing/app/outside.php','','Mozilla/5.0 (Windows NT 10.0; Win64; x64) AppleWebKit/537.36 (KHTML, like Gecko) Chrome/117.0.0.0 Safari/537.36','::1'),
 (168,'localhost','2023-10-07 12:34:37','/strasourcing/app/outside.php','','Mozilla/5.0 (Windows NT 10.0; Win64; x64) AppleWebKit/537.36 (KHTML, like Gecko) Chrome/117.0.0.0 Safari/537.36','::1'),
 (169,'localhost','2023-10-07 12:34:38','/strasourcing/app/outside.php','','Mozilla/5.0 (Windows NT 10.0; Win64; x64) AppleWebKit/537.36 (KHTML, like Gecko) Chrome/117.0.0.0 Safari/537.36','::1'),
 (170,'localhost','2023-10-10 10:47:02','/strasourcing/app/outside.php','','Mozilla/5.0 (Windows NT 10.0; Win64; x64) AppleWebKit/537.36 (KHTML, like Gecko) Chrome/117.0.0.0 Safari/537.36','::1'),
 (171,'localhost','2023-10-10 10:47:04','/strasourcing/app/outside.php','','Mozilla/5.0 (Windows NT 10.0; Win64; x64) AppleWebKit/537.36 (KHTML, like Gecko) Chrome/117.0.0.0 Safari/537.36','::1'),
 (172,'localhost','2023-10-10 10:47:59','/strasourcing/app/outside.php','http://localhost/strasourcing/app/registrate_gratis/comprador.php','Mozilla/5.0 (Windows NT 10.0; Win64; x64) AppleWebKit/537.36 (KHTML, like Gecko) Chrome/117.0.0.0 Safari/537.36','::1'),
 (173,'localhost','2023-10-10 10:48:00','/strasourcing/app/outside.php','','Mozilla/5.0 (Windows NT 10.0; Win64; x64) AppleWebKit/537.36 (KHTML, like Gecko) Chrome/117.0.0.0 Safari/537.36','::1'),
 (174,'localhost','2023-10-10 15:51:24','/strasourcing/app/outside.php','','Mozilla/5.0 (Windows NT 10.0; Win64; x64) AppleWebKit/537.36 (KHTML, like Gecko) Chrome/117.0.0.0 Safari/537.36','::1'),
 (175,'localhost','2023-10-10 15:51:26','/strasourcing/app/outside.php','','Mozilla/5.0 (Windows NT 10.0; Win64; x64) AppleWebKit/537.36 (KHTML, like Gecko) Chrome/117.0.0.0 Safari/537.36','::1'),
 (176,'localhost','2023-10-19 20:39:52','/strasourcing/app/outside.php','','Mozilla/5.0 (Windows NT 10.0; Win64; x64) AppleWebKit/537.36 (KHTML, like Gecko) Chrome/118.0.0.0 Safari/537.36','::1'),
 (177,'localhost','2023-10-19 20:39:53','/strasourcing/app/outside.php','','Mozilla/5.0 (Windows NT 10.0; Win64; x64) AppleWebKit/537.36 (KHTML, like Gecko) Chrome/118.0.0.0 Safari/537.36','::1'),
 (178,'localhost','2023-10-30 14:36:32','/strasourcing/app/outside.php','','Mozilla/5.0 (Windows NT 10.0; Win64; x64) AppleWebKit/537.36 (KHTML, like Gecko) Chrome/118.0.0.0 Safari/537.36','::1'),
 (179,'localhost','2023-10-30 14:36:34','/strasourcing/app/outside.php','','Mozilla/5.0 (Windows NT 10.0; Win64; x64) AppleWebKit/537.36 (KHTML, like Gecko) Chrome/118.0.0.0 Safari/537.36','::1'),
 (180,'localhost','2023-10-30 14:58:21','/strasourcing/app/outside.php','','Mozilla/5.0 (Windows NT 10.0; Win64; x64) AppleWebKit/537.36 (KHTML, like Gecko) Chrome/118.0.0.0 Safari/537.36','::1'),
 (181,'localhost','2023-10-30 14:58:22','/strasourcing/app/outside.php','','Mozilla/5.0 (Windows NT 10.0; Win64; x64) AppleWebKit/537.36 (KHTML, like Gecko) Chrome/118.0.0.0 Safari/537.36','::1'),
 (182,'localhost','2023-10-30 14:59:04','/strasourcing/app/outside.php','','Mozilla/5.0 (Windows NT 10.0; Win64; x64) AppleWebKit/537.36 (KHTML, like Gecko) Chrome/118.0.0.0 Safari/537.36','::1'),
 (183,'localhost','2023-10-30 14:59:05','/strasourcing/app/outside.php','','Mozilla/5.0 (Windows NT 10.0; Win64; x64) AppleWebKit/537.36 (KHTML, like Gecko) Chrome/118.0.0.0 Safari/537.36','::1'),
 (184,'localhost','2023-10-30 15:02:40','/strasourcing/app/outside.php','','Mozilla/5.0 (Windows NT 10.0; Win64; x64) AppleWebKit/537.36 (KHTML, like Gecko) Chrome/118.0.0.0 Safari/537.36','::1'),
 (185,'localhost','2023-10-30 15:02:41','/strasourcing/app/outside.php','','Mozilla/5.0 (Windows NT 10.0; Win64; x64) AppleWebKit/537.36 (KHTML, like Gecko) Chrome/118.0.0.0 Safari/537.36','::1'),
 (186,'localhost','2023-10-30 16:07:51','/strasourcing/app/outside.php','','Mozilla/5.0 (Windows NT 10.0; Win64; x64) AppleWebKit/537.36 (KHTML, like Gecko) Chrome/118.0.0.0 Safari/537.36','::1'),
 (187,'localhost','2023-10-30 16:07:53','/strasourcing/app/outside.php','','Mozilla/5.0 (Windows NT 10.0; Win64; x64) AppleWebKit/537.36 (KHTML, like Gecko) Chrome/118.0.0.0 Safari/537.36','::1'),
 (188,'localhost','2023-10-30 16:08:27','/strasourcing/app/outside.php','','Mozilla/5.0 (Windows NT 10.0; Win64; x64) AppleWebKit/537.36 (KHTML, like Gecko) Chrome/118.0.0.0 Safari/537.36','::1'),
 (189,'localhost','2023-10-30 16:16:30','/strasourcing/app/outside.php','','Mozilla/5.0 (Windows NT 10.0; Win64; x64) AppleWebKit/537.36 (KHTML, like Gecko) Chrome/118.0.0.0 Safari/537.36','::1'),
 (190,'localhost','2023-10-30 16:16:32','/strasourcing/app/outside.php','','Mozilla/5.0 (Windows NT 10.0; Win64; x64) AppleWebKit/537.36 (KHTML, like Gecko) Chrome/118.0.0.0 Safari/537.36','::1'),
 (191,'localhost','2023-10-30 16:16:58','/strasourcing/app/outside.php','','Mozilla/5.0 (Windows NT 10.0; Win64; x64) AppleWebKit/537.36 (KHTML, like Gecko) Chrome/118.0.0.0 Safari/537.36','::1'),
 (193,'localhost','2023-10-30 16:17:38','/strasourcing/app/outside.php','http://localhost/strasourcing/app/login.php','Mozilla/5.0 (Windows NT 10.0; Win64; x64) AppleWebKit/537.36 (KHTML, like Gecko) Chrome/118.0.0.0 Safari/537.36','::1'),
 (195,'localhost','2023-10-30 17:01:12','/strasourcing/app/outside.php','http://localhost/strasourcing/app/login.php','Mozilla/5.0 (Windows NT 10.0; Win64; x64) AppleWebKit/537.36 (KHTML, like Gecko) Chrome/118.0.0.0 Safari/537.36','::1'),
 (196,'localhost','2023-10-30 17:01:13','/strasourcing/app/outside.php','','Mozilla/5.0 (Windows NT 10.0; Win64; x64) AppleWebKit/537.36 (KHTML, like Gecko) Chrome/118.0.0.0 Safari/537.36','::1'),
 (197,'localhost','2023-10-30 17:54:26','/strasourcing/app/outside.php','http://localhost/strasourcing/app/login.php','Mozilla/5.0 (Windows NT 10.0; Win64; x64) AppleWebKit/537.36 (KHTML, like Gecko) Chrome/118.0.0.0 Safari/537.36','::1'),
 (198,'localhost','2023-10-30 17:54:28','/strasourcing/app/outside.php','','Mozilla/5.0 (Windows NT 10.0; Win64; x64) AppleWebKit/537.36 (KHTML, like Gecko) Chrome/118.0.0.0 Safari/537.36','::1'),
 (199,'localhost','2023-10-30 17:58:41','/strasourcing/app/outside.php','http://localhost/strasourcing/app/login.php','Mozilla/5.0 (Windows NT 10.0; Win64; x64) AppleWebKit/537.36 (KHTML, like Gecko) Chrome/118.0.0.0 Safari/537.36','::1'),
 (200,'localhost','2023-10-30 17:58:42','/strasourcing/app/outside.php','','Mozilla/5.0 (Windows NT 10.0; Win64; x64) AppleWebKit/537.36 (KHTML, like Gecko) Chrome/118.0.0.0 Safari/537.36','::1'),
 (201,'localhost','2023-10-30 17:59:32','/strasourcing/app/outside.php','http://localhost/strasourcing/app/login.php','Mozilla/5.0 (Windows NT 10.0; Win64; x64) AppleWebKit/537.36 (KHTML, like Gecko) Chrome/118.0.0.0 Safari/537.36','::1'),
 (202,'localhost','2023-10-30 17:59:33','/strasourcing/app/outside.php','','Mozilla/5.0 (Windows NT 10.0; Win64; x64) AppleWebKit/537.36 (KHTML, like Gecko) Chrome/118.0.0.0 Safari/537.36','::1'),
 (203,'localhost','2023-10-30 18:05:32','/strasourcing/app/outside.php','','Mozilla/5.0 (Windows NT 10.0; Win64; x64) AppleWebKit/537.36 (KHTML, like Gecko) Chrome/118.0.0.0 Safari/537.36','::1'),
 (204,'localhost','2023-11-01 09:36:56','/strasourcing/app/outside.php','','Mozilla/5.0 (Windows NT 10.0; Win64; x64) AppleWebKit/537.36 (KHTML, like Gecko) Chrome/118.0.0.0 Safari/537.36','::1'),
 (205,'localhost','2023-11-01 09:36:57','/strasourcing/app/outside.php','','Mozilla/5.0 (Windows NT 10.0; Win64; x64) AppleWebKit/537.36 (KHTML, like Gecko) Chrome/118.0.0.0 Safari/537.36','::1'),
 (206,'localhost','2023-11-01 09:54:05','/strasourcing/app/outside.php','http://localhost/strasourcing/app/login.php','Mozilla/5.0 (Windows NT 10.0; Win64; x64) AppleWebKit/537.36 (KHTML, like Gecko) Chrome/118.0.0.0 Safari/537.36','::1'),
 (207,'localhost','2023-11-01 09:54:06','/strasourcing/app/outside.php','','Mozilla/5.0 (Windows NT 10.0; Win64; x64) AppleWebKit/537.36 (KHTML, like Gecko) Chrome/118.0.0.0 Safari/537.36','::1'),
 (208,'localhost','2023-11-01 10:38:50','/strasourcing/app/outside.php','','Mozilla/5.0 (Windows NT 10.0; Win64; x64) AppleWebKit/537.36 (KHTML, like Gecko) Chrome/118.0.0.0 Safari/537.36','::1'),
 (209,'localhost','2023-11-01 10:38:51','/strasourcing/app/outside.php','','Mozilla/5.0 (Windows NT 10.0; Win64; x64) AppleWebKit/537.36 (KHTML, like Gecko) Chrome/118.0.0.0 Safari/537.36','::1'),
 (210,'localhost','2023-11-26 11:54:23','/strasourcing/app/outside.php','','Mozilla/5.0 (Windows NT 10.0; Win64; x64) AppleWebKit/537.36 (KHTML, like Gecko) Chrome/119.0.0.0 Safari/537.36','::1'),
 (211,'localhost','2023-11-26 11:54:24','/strasourcing/app/outside.php','','Mozilla/5.0 (Windows NT 10.0; Win64; x64) AppleWebKit/537.36 (KHTML, like Gecko) Chrome/119.0.0.0 Safari/537.36','::1'),
 (212,'localhost','2023-11-26 11:56:29','/strasourcing/app/outside.php','http://localhost/strasourcing/app/login.php','Mozilla/5.0 (Windows NT 10.0; Win64; x64) AppleWebKit/537.36 (KHTML, like Gecko) Chrome/119.0.0.0 Safari/537.36','::1'),
 (213,'localhost','2023-11-26 11:56:30','/strasourcing/app/outside.php','','Mozilla/5.0 (Windows NT 10.0; Win64; x64) AppleWebKit/537.36 (KHTML, like Gecko) Chrome/119.0.0.0 Safari/537.36','::1'),
 (214,'localhost','2023-11-26 11:57:27','/strasourcing/app/outside.php','http://localhost/strasourcing/app/registrate_gratis/comprador.php','Mozilla/5.0 (Windows NT 10.0; Win64; x64) AppleWebKit/537.36 (KHTML, like Gecko) Chrome/119.0.0.0 Safari/537.36','::1'),
 (215,'localhost','2023-11-26 11:57:28','/strasourcing/app/outside.php','','Mozilla/5.0 (Windows NT 10.0; Win64; x64) AppleWebKit/537.36 (KHTML, like Gecko) Chrome/119.0.0.0 Safari/537.36','::1'),
 (216,'localhost','2023-11-26 12:02:11','/strasourcing/app/outside.php','http://localhost/strasourcing/app/login.php','Mozilla/5.0 (Windows NT 10.0; Win64; x64) AppleWebKit/537.36 (KHTML, like Gecko) Chrome/119.0.0.0 Safari/537.36','::1'),
 (218,'localhost','2023-11-26 12:02:24','/strasourcing/app/outside.php','http://localhost/strasourcing/app/contactanos.php','Mozilla/5.0 (Windows NT 10.0; Win64; x64) AppleWebKit/537.36 (KHTML, like Gecko) Chrome/119.0.0.0 Safari/537.36','::1'),
 (220,'localhost','2023-11-26 12:16:12','/strasourcing/app/outside.php','','Mozilla/5.0 (Windows NT 10.0; Win64; x64) AppleWebKit/537.36 (KHTML, like Gecko) Chrome/119.0.0.0 Safari/537.36','::1'),
 (221,'localhost','2023-11-26 12:17:37','/strasourcing/app/outside.php','http://localhost/strasourcing/app/outside.php','Mozilla/5.0 (Windows NT 10.0; Win64; x64) AppleWebKit/537.36 (KHTML, like Gecko) Chrome/119.0.0.0 Safari/537.36','::1'),
 (222,'localhost','2023-11-26 12:17:38','/strasourcing/app/outside.php','','Mozilla/5.0 (Windows NT 10.0; Win64; x64) AppleWebKit/537.36 (KHTML, like Gecko) Chrome/119.0.0.0 Safari/537.36','::1'),
 (223,'localhost','2023-11-26 12:21:37','/strasourcing/app/outside.php','http://localhost/strasourcing/app/outside.php','Mozilla/5.0 (Windows NT 10.0; Win64; x64) AppleWebKit/537.36 (KHTML, like Gecko) Chrome/119.0.0.0 Safari/537.36','::1'),
 (224,'localhost','2023-11-27 12:13:49','/strasourcing/app/outside.php','http://localhost/strasourcing/app/login.php','Mozilla/5.0 (Windows NT 10.0; Win64; x64) AppleWebKit/537.36 (KHTML, like Gecko) Chrome/119.0.0.0 Safari/537.36','::1'),
 (225,'localhost','2023-11-27 12:13:50','/strasourcing/app/outside.php','','Mozilla/5.0 (Windows NT 10.0; Win64; x64) AppleWebKit/537.36 (KHTML, like Gecko) Chrome/119.0.0.0 Safari/537.36','::1'),
 (226,'localhost','2023-11-27 12:22:42','/strasourcing/app/outside.php','http://localhost/strasourcing/app/registrate_gratis/comprador.php','Mozilla/5.0 (Windows NT 10.0; Win64; x64) AppleWebKit/537.36 (KHTML, like Gecko) Chrome/119.0.0.0 Safari/537.36','::1'),
 (227,'localhost','2023-11-27 12:22:43','/strasourcing/app/outside.php','','Mozilla/5.0 (Windows NT 10.0; Win64; x64) AppleWebKit/537.36 (KHTML, like Gecko) Chrome/119.0.0.0 Safari/537.36','::1'),
 (228,'localhost','2023-11-27 12:23:10','/strasourcing/app/outside.php','','Mozilla/5.0 (Windows NT 10.0; Win64; x64) AppleWebKit/537.36 (KHTML, like Gecko) Chrome/119.0.0.0 Safari/537.36','::1'),
 (229,'localhost','2023-11-27 12:23:24','/strasourcing/app/outside.php','http://localhost/strasourcing/app/registrate_gratis/proveedor.php','Mozilla/5.0 (Windows NT 10.0; Win64; x64) AppleWebKit/537.36 (KHTML, like Gecko) Chrome/119.0.0.0 Safari/537.36','::1'),
 (231,'localhost','2023-11-27 12:23:26','/strasourcing/app/outside.php','http://localhost/strasourcing/app/outside.php','Mozilla/5.0 (Windows NT 10.0; Win64; x64) AppleWebKit/537.36 (KHTML, like Gecko) Chrome/119.0.0.0 Safari/537.36','::1'),
 (232,'localhost','2023-11-27 12:23:27','/strasourcing/app/outside.php','','Mozilla/5.0 (Windows NT 10.0; Win64; x64) AppleWebKit/537.36 (KHTML, like Gecko) Chrome/119.0.0.0 Safari/537.36','::1'),
 (233,'localhost','2023-11-27 12:26:29','/strasourcing/app/outside.php','http://localhost/strasourcing/app/outside.php','Mozilla/5.0 (Windows NT 10.0; Win64; x64) AppleWebKit/537.36 (KHTML, like Gecko) Chrome/119.0.0.0 Safari/537.36','::1'),
 (235,'localhost','2023-11-27 12:26:31','/strasourcing/app/outside.php','http://localhost/strasourcing/app/outside.php','Mozilla/5.0 (Windows NT 10.0; Win64; x64) AppleWebKit/537.36 (KHTML, like Gecko) Chrome/119.0.0.0 Safari/537.36','::1'),
 (236,'localhost','2023-11-27 12:26:32','/strasourcing/app/outside.php','','Mozilla/5.0 (Windows NT 10.0; Win64; x64) AppleWebKit/537.36 (KHTML, like Gecko) Chrome/119.0.0.0 Safari/537.36','::1'),
 (237,'localhost','2023-11-27 12:27:15','/strasourcing/app/outside.php','http://localhost/strasourcing/app/outside.php','Mozilla/5.0 (Windows NT 10.0; Win64; x64) AppleWebKit/537.36 (KHTML, like Gecko) Chrome/119.0.0.0 Safari/537.36','::1'),
 (239,'localhost','2023-11-27 12:27:51','/strasourcing/app/outside.php','http://localhost/strasourcing/app/outside.php','Mozilla/5.0 (Windows NT 10.0; Win64; x64) AppleWebKit/537.36 (KHTML, like Gecko) Chrome/119.0.0.0 Safari/537.36','::1'),
 (241,'localhost','2023-11-27 12:27:58','/strasourcing/app/outside.php','','Mozilla/5.0 (Windows NT 10.0; Win64; x64) AppleWebKit/537.36 (KHTML, like Gecko) Chrome/119.0.0.0 Safari/537.36','::1'),
 (242,'localhost','2023-11-27 12:28:35','/strasourcing/app/outside.php','http://localhost/strasourcing/app/outside.php','Mozilla/5.0 (Windows NT 10.0; Win64; x64) AppleWebKit/537.36 (KHTML, like Gecko) Chrome/119.0.0.0 Safari/537.36','::1'),
 (244,'localhost','2023-11-27 12:28:57','/strasourcing/app/outside.php','http://localhost/strasourcing/app/registrate_gratis/comprador.php','Mozilla/5.0 (Windows NT 10.0; Win64; x64) AppleWebKit/537.36 (KHTML, like Gecko) Chrome/119.0.0.0 Safari/537.36','::1'),
 (245,'localhost','2023-11-27 12:28:58','/strasourcing/app/outside.php','','Mozilla/5.0 (Windows NT 10.0; Win64; x64) AppleWebKit/537.36 (KHTML, like Gecko) Chrome/119.0.0.0 Safari/537.36','::1'),
 (246,'localhost','2023-11-27 12:29:59','/strasourcing/app/outside.php','http://localhost/strasourcing/app/login.php','Mozilla/5.0 (Windows NT 10.0; Win64; x64) AppleWebKit/537.36 (KHTML, like Gecko) Chrome/119.0.0.0 Safari/537.36','::1'),
 (247,'localhost','2023-11-27 12:30:00','/strasourcing/app/outside.php','','Mozilla/5.0 (Windows NT 10.0; Win64; x64) AppleWebKit/537.36 (KHTML, like Gecko) Chrome/119.0.0.0 Safari/537.36','::1'),
 (248,'localhost','2023-11-27 12:35:16','/strasourcing/app/outside.php','http://localhost/strasourcing/app/registrate_gratis/comprador.php','Mozilla/5.0 (Windows NT 10.0; Win64; x64) AppleWebKit/537.36 (KHTML, like Gecko) Chrome/119.0.0.0 Safari/537.36','::1'),
 (249,'localhost','2023-11-27 12:35:20','/strasourcing/app/outside.php','','Mozilla/5.0 (Windows NT 10.0; Win64; x64) AppleWebKit/537.36 (KHTML, like Gecko) Chrome/119.0.0.0 Safari/537.36','::1'),
 (250,'localhost','2023-11-27 12:36:28','/strasourcing/app/outside.php','http://localhost/strasourcing/app/registrate_gratis/proveedor.php','Mozilla/5.0 (Windows NT 10.0; Win64; x64) AppleWebKit/537.36 (KHTML, like Gecko) Chrome/119.0.0.0 Safari/537.36','::1'),
 (251,'localhost','2023-11-27 12:36:29','/strasourcing/app/outside.php','','Mozilla/5.0 (Windows NT 10.0; Win64; x64) AppleWebKit/537.36 (KHTML, like Gecko) Chrome/119.0.0.0 Safari/537.36','::1'),
 (252,'localhost','2023-11-27 15:15:53','/strasourcing/app/outside.php','','Mozilla/5.0 (Windows NT 10.0; Win64; x64) AppleWebKit/537.36 (KHTML, like Gecko) Chrome/119.0.0.0 Safari/537.36','::1'),
 (253,'localhost','2023-11-27 15:15:55','/strasourcing/app/outside.php','','Mozilla/5.0 (Windows NT 10.0; Win64; x64) AppleWebKit/537.36 (KHTML, like Gecko) Chrome/119.0.0.0 Safari/537.36','::1'),
 (254,'localhost','2024-01-20 10:46:58','/strasourcing/app/outside.php','','Mozilla/5.0 (Windows NT 10.0; Win64; x64) AppleWebKit/537.36 (KHTML, like Gecko) Chrome/120.0.0.0 Safari/537.36','::1'),
 (255,'localhost','2024-01-20 10:47:00','/strasourcing/app/outside.php','','Mozilla/5.0 (Windows NT 10.0; Win64; x64) AppleWebKit/537.36 (KHTML, like Gecko) Chrome/120.0.0.0 Safari/537.36','::1'),
 (256,'localhost','2024-01-20 10:48:29','/strasourcing/app/outside.php','http://localhost/strasourcing/app/registrate_gratis/proveedor.php','Mozilla/5.0 (Windows NT 10.0; Win64; x64) AppleWebKit/537.36 (KHTML, like Gecko) Chrome/120.0.0.0 Safari/537.36','::1'),
 (257,'localhost','2024-01-20 10:48:30','/strasourcing/app/outside.php','','Mozilla/5.0 (Windows NT 10.0; Win64; x64) AppleWebKit/537.36 (KHTML, like Gecko) Chrome/120.0.0.0 Safari/537.36','::1'),
 (258,'localhost','2024-01-20 10:49:59','/strasourcing/app/outside.php','','Mozilla/5.0 (Windows NT 10.0; Win64; x64) AppleWebKit/537.36 (KHTML, like Gecko) Chrome/120.0.0.0 Safari/537.36','::1'),
 (259,'localhost','2024-01-20 10:50:00','/strasourcing/app/outside.php','','Mozilla/5.0 (Windows NT 10.0; Win64; x64) AppleWebKit/537.36 (KHTML, like Gecko) Chrome/120.0.0.0 Safari/537.36','::1'),
 (260,'localhost','2024-01-20 10:56:55','/strasourcing/app/outside.php','','Mozilla/5.0 (Windows NT 10.0; Win64; x64) AppleWebKit/537.36 (KHTML, like Gecko) Chrome/120.0.0.0 Safari/537.36','::1'),
 (261,'localhost','2024-01-20 10:56:56','/strasourcing/app/outside.php','','Mozilla/5.0 (Windows NT 10.0; Win64; x64) AppleWebKit/537.36 (KHTML, like Gecko) Chrome/120.0.0.0 Safari/537.36','::1'),
 (262,'localhost','2024-01-23 12:49:05','/elpuntoycomamm/app/outside.php','http://localhost/elpuntoycomamm/app/login.php','Mozilla/5.0 (Windows NT 10.0; Win64; x64) AppleWebKit/537.36 (KHTML, like Gecko) Chrome/120.0.0.0 Safari/537.36','::1'),
 (263,'localhost','2024-01-23 12:49:06','/elpuntoycomamm/app/outside.php','','Mozilla/5.0 (Windows NT 10.0; Win64; x64) AppleWebKit/537.36 (KHTML, like Gecko) Chrome/120.0.0.0 Safari/537.36','::1'),
 (264,'localhost','2024-01-23 12:50:39','/elpuntoycomamm/app/outside.php','http://localhost/elpuntoycomamm/app/login.php','Mozilla/5.0 (Windows NT 10.0; Win64; x64) AppleWebKit/537.36 (KHTML, like Gecko) Chrome/120.0.0.0 Safari/537.36','::1'),
 (266,'localhost','2024-01-23 12:50:56','/elpuntoycomamm/app/outside.php','http://localhost/elpuntoycomamm/app/login.php','Mozilla/5.0 (Windows NT 10.0; Win64; x64) AppleWebKit/537.36 (KHTML, like Gecko) Chrome/120.0.0.0 Safari/537.36','::1'),
 (267,'localhost','2024-01-23 12:50:57','/elpuntoycomamm/app/outside.php','','Mozilla/5.0 (Windows NT 10.0; Win64; x64) AppleWebKit/537.36 (KHTML, like Gecko) Chrome/120.0.0.0 Safari/537.36','::1'),
 (268,'localhost','2024-01-23 12:51:34','/elpuntoycomamm/app/outside.php','http://localhost/elpuntoycomamm/app/login.php','Mozilla/5.0 (Windows NT 10.0; Win64; x64) AppleWebKit/537.36 (KHTML, like Gecko) Chrome/120.0.0.0 Safari/537.36','::1'),
 (269,'localhost','2024-01-23 12:51:35','/elpuntoycomamm/app/outside.php','','Mozilla/5.0 (Windows NT 10.0; Win64; x64) AppleWebKit/537.36 (KHTML, like Gecko) Chrome/120.0.0.0 Safari/537.36','::1'),
 (270,'localhost','2024-01-23 12:51:36','/elpuntoycomamm/app/outside.php','http://localhost/elpuntoycomamm/app/login.php','Mozilla/5.0 (Windows NT 10.0; Win64; x64) AppleWebKit/537.36 (KHTML, like Gecko) Chrome/120.0.0.0 Safari/537.36','::1'),
 (272,'localhost','2024-01-23 12:52:16','/elpuntoycomamm/app/outside.php','http://localhost/elpuntoycomamm/app/login.php','Mozilla/5.0 (Windows NT 10.0; Win64; x64) AppleWebKit/537.36 (KHTML, like Gecko) Chrome/120.0.0.0 Safari/537.36','::1'),
 (274,'localhost','2024-01-23 12:52:17','/elpuntoycomamm/app/outside.php','http://localhost/elpuntoycomamm/app/outside.php','Mozilla/5.0 (Windows NT 10.0; Win64; x64) AppleWebKit/537.36 (KHTML, like Gecko) Chrome/120.0.0.0 Safari/537.36','::1'),
 (275,'localhost','2024-01-23 12:52:18','/elpuntoycomamm/app/outside.php','','Mozilla/5.0 (Windows NT 10.0; Win64; x64) AppleWebKit/537.36 (KHTML, like Gecko) Chrome/120.0.0.0 Safari/537.36','::1'),
 (276,'localhost','2024-01-23 12:52:19','/elpuntoycomamm/app/outside.php','http://localhost/elpuntoycomamm/app/outside.php','Mozilla/5.0 (Windows NT 10.0; Win64; x64) AppleWebKit/537.36 (KHTML, like Gecko) Chrome/120.0.0.0 Safari/537.36','::1'),
 (278,'localhost','2024-01-23 12:52:40','/elpuntoycomamm/app/outside.php','http://localhost/elpuntoycomamm/app/outside.php','Mozilla/5.0 (Windows NT 10.0; Win64; x64) AppleWebKit/537.36 (KHTML, like Gecko) Chrome/120.0.0.0 Safari/537.36','::1'),
 (280,'localhost','2024-01-23 12:53:14','/elpuntoycomamm/app/outside.php','http://localhost/elpuntoycomamm/app/outside.php','Mozilla/5.0 (Windows NT 10.0; Win64; x64) AppleWebKit/537.36 (KHTML, like Gecko) Chrome/120.0.0.0 Safari/537.36','::1'),
 (281,'localhost','2024-01-23 12:53:15','/elpuntoycomamm/app/outside.php','','Mozilla/5.0 (Windows NT 10.0; Win64; x64) AppleWebKit/537.36 (KHTML, like Gecko) Chrome/120.0.0.0 Safari/537.36','::1'),
 (282,'localhost','2024-01-23 12:54:54','/elpuntoycomamm/app/outside.php','http://localhost/elpuntoycomamm/app/outside.php','Mozilla/5.0 (Windows NT 10.0; Win64; x64) AppleWebKit/537.36 (KHTML, like Gecko) Chrome/120.0.0.0 Safari/537.36','::1'),
 (284,'localhost','2024-01-23 12:55:21','/elpuntoycomamm/app/outside.php','http://localhost/elpuntoycomamm/app/outside.php','Mozilla/5.0 (Windows NT 10.0; Win64; x64) AppleWebKit/537.36 (KHTML, like Gecko) Chrome/120.0.0.0 Safari/537.36','::1'),
 (285,'localhost','2024-01-23 12:55:22','/elpuntoycomamm/app/outside.php','','Mozilla/5.0 (Windows NT 10.0; Win64; x64) AppleWebKit/537.36 (KHTML, like Gecko) Chrome/120.0.0.0 Safari/537.36','::1'),
 (286,'localhost','2024-01-23 12:55:43','/elpuntoycomamm/app/outside.php','http://localhost/elpuntoycomamm/app/outside.php','Mozilla/5.0 (Windows NT 10.0; Win64; x64) AppleWebKit/537.36 (KHTML, like Gecko) Chrome/120.0.0.0 Safari/537.36','::1'),
 (287,'localhost','2024-01-23 12:55:44','/elpuntoycomamm/app/outside.php','','Mozilla/5.0 (Windows NT 10.0; Win64; x64) AppleWebKit/537.36 (KHTML, like Gecko) Chrome/120.0.0.0 Safari/537.36','::1'),
 (288,'localhost','2024-01-23 12:56:37','/elpuntoycomamm/app/outside.php','http://localhost/elpuntoycomamm/app/outside.php','Mozilla/5.0 (Windows NT 10.0; Win64; x64) AppleWebKit/537.36 (KHTML, like Gecko) Chrome/120.0.0.0 Safari/537.36','::1'),
 (290,'localhost','2024-01-23 12:56:42','/elpuntoycomamm/app/outside.php','http://localhost/elpuntoycomamm/app/outside.php','Mozilla/5.0 (Windows NT 10.0; Win64; x64) AppleWebKit/537.36 (KHTML, like Gecko) Chrome/120.0.0.0 Safari/537.36','::1'),
 (291,'localhost','2024-01-23 12:56:43','/elpuntoycomamm/app/outside.php','','Mozilla/5.0 (Windows NT 10.0; Win64; x64) AppleWebKit/537.36 (KHTML, like Gecko) Chrome/120.0.0.0 Safari/537.36','::1'),
 (292,'localhost','2024-01-23 12:57:49','/elpuntoycomamm/app/outside.php','http://localhost/elpuntoycomamm/app/outside.php','Mozilla/5.0 (Windows NT 10.0; Win64; x64) AppleWebKit/537.36 (KHTML, like Gecko) Chrome/120.0.0.0 Safari/537.36','::1'),
 (294,'localhost','2024-01-23 12:58:02','/elpuntoycomamm/app/outside.php','http://localhost/elpuntoycomamm/app/outside.php','Mozilla/5.0 (Windows NT 10.0; Win64; x64) AppleWebKit/537.36 (KHTML, like Gecko) Chrome/120.0.0.0 Safari/537.36','::1'),
 (295,'localhost','2024-01-23 12:58:03','/elpuntoycomamm/app/outside.php','','Mozilla/5.0 (Windows NT 10.0; Win64; x64) AppleWebKit/537.36 (KHTML, like Gecko) Chrome/120.0.0.0 Safari/537.36','::1'),
 (296,'localhost','2024-01-23 12:58:15','/elpuntoycomamm/app/outside.php','http://localhost/elpuntoycomamm/app/outside.php','Mozilla/5.0 (Windows NT 10.0; Win64; x64) AppleWebKit/537.36 (KHTML, like Gecko) Chrome/120.0.0.0 Safari/537.36','::1'),
 (298,'localhost','2024-01-23 13:00:28','/elpuntoycomamm/app/outside.php','http://localhost/elpuntoycomamm/app/outside.php','Mozilla/5.0 (Windows NT 10.0; Win64; x64) AppleWebKit/537.36 (KHTML, like Gecko) Chrome/120.0.0.0 Safari/537.36','::1'),
 (299,'localhost','2024-01-23 13:00:29','/elpuntoycomamm/app/outside.php','','Mozilla/5.0 (Windows NT 10.0; Win64; x64) AppleWebKit/537.36 (KHTML, like Gecko) Chrome/120.0.0.0 Safari/537.36','::1'),
 (300,'localhost','2024-01-23 13:01:57','/elpuntoycomamm/app/outside.php','http://localhost/elpuntoycomamm/app/outside.php','Mozilla/5.0 (Windows NT 10.0; Win64; x64) AppleWebKit/537.36 (KHTML, like Gecko) Chrome/120.0.0.0 Safari/537.36','::1'),
 (301,'localhost','2024-01-23 13:01:58','/elpuntoycomamm/app/outside.php','','Mozilla/5.0 (Windows NT 10.0; Win64; x64) AppleWebKit/537.36 (KHTML, like Gecko) Chrome/120.0.0.0 Safari/537.36','::1'),
 (302,'localhost','2024-01-23 13:06:06','/elpuntoycomamm/app/outside.php','http://localhost/elpuntoycomamm/app/outside.php','Mozilla/5.0 (Windows NT 10.0; Win64; x64) AppleWebKit/537.36 (KHTML, like Gecko) Chrome/120.0.0.0 Safari/537.36','::1'),
 (303,'localhost','2024-01-23 13:06:08','/elpuntoycomamm/app/outside.php','','Mozilla/5.0 (Windows NT 10.0; Win64; x64) AppleWebKit/537.36 (KHTML, like Gecko) Chrome/120.0.0.0 Safari/537.36','::1'),
 (304,'localhost','2024-01-23 13:09:09','/elpuntoycomamm/app/outside.php','http://localhost/elpuntoycomamm/app/outside.php','Mozilla/5.0 (Windows NT 10.0; Win64; x64) AppleWebKit/537.36 (KHTML, like Gecko) Chrome/120.0.0.0 Safari/537.36','::1'),
 (306,'localhost','2024-01-23 13:10:15','/elpuntoycomamm/app/outside.php','','Mozilla/5.0 (Windows NT 10.0; Win64; x64) AppleWebKit/537.36 (KHTML, like Gecko) Chrome/120.0.0.0 Safari/537.36','::1'),
 (307,'localhost','2024-01-23 13:16:22','/elpuntoycomamm/app/outside.php','http://localhost/elpuntoycomamm/app/outside.php','Mozilla/5.0 (Windows NT 10.0; Win64; x64) AppleWebKit/537.36 (KHTML, like Gecko) Chrome/120.0.0.0 Safari/537.36','::1'),
 (308,'localhost','2024-01-23 13:16:24','/elpuntoycomamm/app/outside.php','','Mozilla/5.0 (Windows NT 10.0; Win64; x64) AppleWebKit/537.36 (KHTML, like Gecko) Chrome/120.0.0.0 Safari/537.36','::1'),
 (309,'localhost','2024-01-23 13:18:46','/elpuntoycomamm/app/outside.php','http://localhost/elpuntoycomamm/app/outside.php','Mozilla/5.0 (Windows NT 10.0; Win64; x64) AppleWebKit/537.36 (KHTML, like Gecko) Chrome/120.0.0.0 Safari/537.36','::1'),
 (311,'localhost','2024-01-23 13:20:48','/elpuntoycomamm/app/outside.php','http://localhost/elpuntoycomamm/app/outside.php','Mozilla/5.0 (Windows NT 10.0; Win64; x64) AppleWebKit/537.36 (KHTML, like Gecko) Chrome/120.0.0.0 Safari/537.36','::1'),
 (312,'localhost','2024-01-23 13:20:49','/elpuntoycomamm/app/outside.php','','Mozilla/5.0 (Windows NT 10.0; Win64; x64) AppleWebKit/537.36 (KHTML, like Gecko) Chrome/120.0.0.0 Safari/537.36','::1'),
 (313,'localhost','2024-01-23 13:22:49','/elpuntoycomamm/app/outside.php','http://localhost/elpuntoycomamm/app/outside.php','Mozilla/5.0 (Windows NT 10.0; Win64; x64) AppleWebKit/537.36 (KHTML, like Gecko) Chrome/120.0.0.0 Safari/537.36','::1'),
 (315,'localhost','2024-01-23 13:24:44','/elpuntoycomamm/app/outside.php','http://localhost/elpuntoycomamm/app/outside.php','Mozilla/5.0 (Windows NT 10.0; Win64; x64) AppleWebKit/537.36 (KHTML, like Gecko) Chrome/120.0.0.0 Safari/537.36','::1'),
 (316,'localhost','2024-01-23 13:24:45','/elpuntoycomamm/app/outside.php','','Mozilla/5.0 (Windows NT 10.0; Win64; x64) AppleWebKit/537.36 (KHTML, like Gecko) Chrome/120.0.0.0 Safari/537.36','::1'),
 (317,'localhost','2024-01-23 13:25:39','/elpuntoycomamm/app/outside.php','http://localhost/elpuntoycomamm/app/outside.php','Mozilla/5.0 (Windows NT 10.0; Win64; x64) AppleWebKit/537.36 (KHTML, like Gecko) Chrome/120.0.0.0 Safari/537.36','::1'),
 (319,'localhost','2024-01-23 13:26:36','/elpuntoycomamm/app/outside.php','http://localhost/elpuntoycomamm/app/contactanos.php','Mozilla/5.0 (Windows NT 10.0; Win64; x64) AppleWebKit/537.36 (KHTML, like Gecko) Chrome/120.0.0.0 Safari/537.36','::1'),
 (321,'localhost','2024-01-23 13:27:30','/elpuntoycomamm/app/outside.php','http://localhost/elpuntoycomamm/app/contactanos.php','Mozilla/5.0 (Windows NT 10.0; Win64; x64) AppleWebKit/537.36 (KHTML, like Gecko) Chrome/120.0.0.0 Safari/537.36','::1'),
 (322,'localhost','2024-01-23 13:27:31','/elpuntoycomamm/app/outside.php','','Mozilla/5.0 (Windows NT 10.0; Win64; x64) AppleWebKit/537.36 (KHTML, like Gecko) Chrome/120.0.0.0 Safari/537.36','::1'),
 (323,'localhost','2024-01-23 13:28:01','/elpuntoycomamm/app/outside.php','http://localhost/elpuntoycomamm/app/contactanos.php','Mozilla/5.0 (Windows NT 10.0; Win64; x64) AppleWebKit/537.36 (KHTML, like Gecko) Chrome/120.0.0.0 Safari/537.36','::1'),
 (324,'localhost','2024-01-23 13:28:02','/elpuntoycomamm/app/outside.php','','Mozilla/5.0 (Windows NT 10.0; Win64; x64) AppleWebKit/537.36 (KHTML, like Gecko) Chrome/120.0.0.0 Safari/537.36','::1'),
 (325,'localhost','2024-01-23 13:28:22','/elpuntoycomamm/app/outside.php','http://localhost/elpuntoycomamm/app/contactanos.php','Mozilla/5.0 (Windows NT 10.0; Win64; x64) AppleWebKit/537.36 (KHTML, like Gecko) Chrome/120.0.0.0 Safari/537.36','::1'),
 (327,'localhost','2024-01-23 13:29:11','/elpuntoycomamm/app/outside.php','http://localhost/elpuntoycomamm/app/contactanos.php','Mozilla/5.0 (Windows NT 10.0; Win64; x64) AppleWebKit/537.36 (KHTML, like Gecko) Chrome/120.0.0.0 Safari/537.36','::1'),
 (329,'localhost','2024-01-23 13:30:08','/elpuntoycomamm/app/outside.php','http://localhost/elpuntoycomamm/app/contactanos.php','Mozilla/5.0 (Windows NT 10.0; Win64; x64) AppleWebKit/537.36 (KHTML, like Gecko) Chrome/120.0.0.0 Safari/537.36','::1'),
 (330,'localhost','2024-01-23 13:30:09','/elpuntoycomamm/app/outside.php','','Mozilla/5.0 (Windows NT 10.0; Win64; x64) AppleWebKit/537.36 (KHTML, like Gecko) Chrome/120.0.0.0 Safari/537.36','::1'),
 (331,'localhost','2024-01-23 13:31:11','/elpuntoycomamm/app/outside.php','http://localhost/elpuntoycomamm/app/contactanos.php','Mozilla/5.0 (Windows NT 10.0; Win64; x64) AppleWebKit/537.36 (KHTML, like Gecko) Chrome/120.0.0.0 Safari/537.36','::1'),
 (332,'localhost','2024-01-23 13:31:12','/elpuntoycomamm/app/outside.php','','Mozilla/5.0 (Windows NT 10.0; Win64; x64) AppleWebKit/537.36 (KHTML, like Gecko) Chrome/120.0.0.0 Safari/537.36','::1'),
 (333,'localhost','2024-01-23 13:31:35','/elpuntoycomamm/app/outside.php','http://localhost/elpuntoycomamm/app/contactanos.php','Mozilla/5.0 (Windows NT 10.0; Win64; x64) AppleWebKit/537.36 (KHTML, like Gecko) Chrome/120.0.0.0 Safari/537.36','::1'),
 (335,'localhost','2024-01-23 13:33:08','/elpuntoycomamm/app/outside.php','http://localhost/elpuntoycomamm/app/contactanos.php','Mozilla/5.0 (Windows NT 10.0; Win64; x64) AppleWebKit/537.36 (KHTML, like Gecko) Chrome/120.0.0.0 Safari/537.36','::1'),
 (336,'localhost','2024-01-23 13:33:09','/elpuntoycomamm/app/outside.php','','Mozilla/5.0 (Windows NT 10.0; Win64; x64) AppleWebKit/537.36 (KHTML, like Gecko) Chrome/120.0.0.0 Safari/537.36','::1'),
 (337,'localhost','2024-01-23 13:33:34','/elpuntoycomamm/app/outside.php','http://localhost/elpuntoycomamm/app/contactanos.php','Mozilla/5.0 (Windows NT 10.0; Win64; x64) AppleWebKit/537.36 (KHTML, like Gecko) Chrome/120.0.0.0 Safari/537.36','::1'),
 (339,'localhost','2024-01-23 13:35:29','/elpuntoycomamm/app/outside.php','http://localhost/elpuntoycomamm/app/contactanos.php','Mozilla/5.0 (Windows NT 10.0; Win64; x64) AppleWebKit/537.36 (KHTML, like Gecko) Chrome/120.0.0.0 Safari/537.36','::1'),
 (340,'localhost','2024-01-23 13:35:30','/elpuntoycomamm/app/outside.php','','Mozilla/5.0 (Windows NT 10.0; Win64; x64) AppleWebKit/537.36 (KHTML, like Gecko) Chrome/120.0.0.0 Safari/537.36','::1'),
 (341,'localhost','2024-01-23 13:35:53','/elpuntoycomamm/app/outside.php','http://localhost/elpuntoycomamm/app/login.php','Mozilla/5.0 (Windows NT 10.0; Win64; x64) AppleWebKit/537.36 (KHTML, like Gecko) Chrome/120.0.0.0 Safari/537.36','::1'),
 (342,'localhost','2024-01-23 13:35:54','/elpuntoycomamm/app/outside.php','','Mozilla/5.0 (Windows NT 10.0; Win64; x64) AppleWebKit/537.36 (KHTML, like Gecko) Chrome/120.0.0.0 Safari/537.36','::1'),
 (343,'localhost','2024-01-23 13:37:43','/elpuntoycomamm/app/outside.php','http://localhost/elpuntoycomamm/app/login.php','Mozilla/5.0 (Windows NT 10.0; Win64; x64) AppleWebKit/537.36 (KHTML, like Gecko) Chrome/120.0.0.0 Safari/537.36','::1'),
 (345,'localhost','2024-01-23 13:37:56','/elpuntoycomamm/app/outside.php','http://localhost/elpuntoycomamm/app/login.php','Mozilla/5.0 (Windows NT 10.0; Win64; x64) AppleWebKit/537.36 (KHTML, like Gecko) Chrome/120.0.0.0 Safari/537.36','::1'),
 (346,'localhost','2024-01-23 13:37:57','/elpuntoycomamm/app/outside.php','','Mozilla/5.0 (Windows NT 10.0; Win64; x64) AppleWebKit/537.36 (KHTML, like Gecko) Chrome/120.0.0.0 Safari/537.36','::1'),
 (347,'localhost','2024-01-23 13:39:24','/elpuntoycomamm/app/outside.php','http://localhost/elpuntoycomamm/app/login.php','Mozilla/5.0 (Windows NT 10.0; Win64; x64) AppleWebKit/537.36 (KHTML, like Gecko) Chrome/120.0.0.0 Safari/537.36','::1'),
 (348,'localhost','2024-01-23 13:39:25','/elpuntoycomamm/app/outside.php','','Mozilla/5.0 (Windows NT 10.0; Win64; x64) AppleWebKit/537.36 (KHTML, like Gecko) Chrome/120.0.0.0 Safari/537.36','::1'),
 (349,'localhost','2024-01-23 13:39:50','/elpuntoycomamm/app/outside.php','http://localhost/elpuntoycomamm/app/login.php','Mozilla/5.0 (Windows NT 10.0; Win64; x64) AppleWebKit/537.36 (KHTML, like Gecko) Chrome/120.0.0.0 Safari/537.36','::1'),
 (351,'localhost','2024-01-23 13:40:19','/elpuntoycomamm/app/outside.php','http://localhost/elpuntoycomamm/app/login.php','Mozilla/5.0 (Windows NT 10.0; Win64; x64) AppleWebKit/537.36 (KHTML, like Gecko) Chrome/120.0.0.0 Safari/537.36','::1');
INSERT INTO `bigdata_out` (`id`,`server_name`,`fecha`,`php_self`,`http_referer`,`http_user_agent`,`remote_addr`) VALUES 
 (353,'localhost','2024-01-23 13:41:49','/elpuntoycomamm/app/outside.php','http://localhost/elpuntoycomamm/app/login.php','Mozilla/5.0 (Windows NT 10.0; Win64; x64) AppleWebKit/537.36 (KHTML, like Gecko) Chrome/120.0.0.0 Safari/537.36','::1'),
 (354,'localhost','2024-01-23 13:41:50','/elpuntoycomamm/app/outside.php','','Mozilla/5.0 (Windows NT 10.0; Win64; x64) AppleWebKit/537.36 (KHTML, like Gecko) Chrome/120.0.0.0 Safari/537.36','::1'),
 (355,'localhost','2024-01-23 13:41:55','/elpuntoycomamm/app/outside.php','http://localhost/elpuntoycomamm/app/login.php','Mozilla/5.0 (Windows NT 10.0; Win64; x64) AppleWebKit/537.36 (KHTML, like Gecko) Chrome/120.0.0.0 Safari/537.36','::1'),
 (356,'localhost','2024-01-23 13:41:56','/elpuntoycomamm/app/outside.php','','Mozilla/5.0 (Windows NT 10.0; Win64; x64) AppleWebKit/537.36 (KHTML, like Gecko) Chrome/120.0.0.0 Safari/537.36','::1'),
 (357,'localhost','2024-01-23 13:42:16','/elpuntoycomamm/app/outside.php','','Mozilla/5.0 (Windows NT 10.0; Win64; x64) AppleWebKit/537.36 (KHTML, like Gecko) Chrome/120.0.0.0 Safari/537.36','::1'),
 (358,'localhost','2024-01-23 13:43:00','/elpuntoycomamm/app/outside.php','http://localhost/elpuntoycomamm/app/login.php','Mozilla/5.0 (Windows NT 10.0; Win64; x64) AppleWebKit/537.36 (KHTML, like Gecko) Chrome/120.0.0.0 Safari/537.36','::1'),
 (360,'localhost','2024-01-23 13:44:03','/elpuntoycomamm/app/outside.php','http://localhost/elpuntoycomamm/app/login.php','Mozilla/5.0 (Windows NT 10.0; Win64; x64) AppleWebKit/537.36 (KHTML, like Gecko) Chrome/120.0.0.0 Safari/537.36','::1'),
 (362,'localhost','2024-01-23 13:44:22','/elpuntoycomamm/app/outside.php','http://localhost/elpuntoycomamm/app/login.php','Mozilla/5.0 (Windows NT 10.0; Win64; x64) AppleWebKit/537.36 (KHTML, like Gecko) Chrome/120.0.0.0 Safari/537.36','::1'),
 (364,'localhost','2024-01-23 13:46:56','/elpuntoycomamm/app/outside.php','http://localhost/elpuntoycomamm/app/login.php','Mozilla/5.0 (Windows NT 10.0; Win64; x64) AppleWebKit/537.36 (KHTML, like Gecko) Chrome/120.0.0.0 Safari/537.36','::1'),
 (365,'localhost','2024-01-23 13:46:57','/elpuntoycomamm/app/outside.php','','Mozilla/5.0 (Windows NT 10.0; Win64; x64) AppleWebKit/537.36 (KHTML, like Gecko) Chrome/120.0.0.0 Safari/537.36','::1'),
 (366,'localhost','2024-01-23 13:47:02','/elpuntoycomamm/app/outside.php','http://localhost/elpuntoycomamm/app/login.php','Mozilla/5.0 (Windows NT 10.0; Win64; x64) AppleWebKit/537.36 (KHTML, like Gecko) Chrome/120.0.0.0 Safari/537.36','::1'),
 (368,'localhost','2024-01-23 13:47:12','/elpuntoycomamm/app/outside.php','http://localhost/elpuntoycomamm/app/login.php','Mozilla/5.0 (Windows NT 10.0; Win64; x64) AppleWebKit/537.36 (KHTML, like Gecko) Chrome/120.0.0.0 Safari/537.36','::1'),
 (370,'localhost','2024-01-23 13:47:48','/elpuntoycomamm/app/outside.php','http://localhost/elpuntoycomamm/app/login.php','Mozilla/5.0 (Windows NT 10.0; Win64; x64) AppleWebKit/537.36 (KHTML, like Gecko) Chrome/120.0.0.0 Safari/537.36','::1'),
 (372,'localhost','2024-01-23 13:47:50','/elpuntoycomamm/app/outside.php','http://localhost/elpuntoycomamm/app/login.php','Mozilla/5.0 (Windows NT 10.0; Win64; x64) AppleWebKit/537.36 (KHTML, like Gecko) Chrome/120.0.0.0 Safari/537.36','::1'),
 (373,'localhost','2024-01-23 13:47:51','/elpuntoycomamm/app/outside.php','','Mozilla/5.0 (Windows NT 10.0; Win64; x64) AppleWebKit/537.36 (KHTML, like Gecko) Chrome/120.0.0.0 Safari/537.36','::1'),
 (374,'localhost','2024-01-23 13:49:13','/elpuntoycomamm/app/outside.php','http://localhost/elpuntoycomamm/app/login.php','Mozilla/5.0 (Windows NT 10.0; Win64; x64) AppleWebKit/537.36 (KHTML, like Gecko) Chrome/120.0.0.0 Safari/537.36','::1'),
 (376,'localhost','2024-01-23 13:51:03','/elpuntoycomamm/app/outside.php','http://localhost/elpuntoycomamm/app/login.php','Mozilla/5.0 (Windows NT 10.0; Win64; x64) AppleWebKit/537.36 (KHTML, like Gecko) Chrome/120.0.0.0 Safari/537.36','::1'),
 (377,'localhost','2024-01-23 13:51:04','/elpuntoycomamm/app/outside.php','','Mozilla/5.0 (Windows NT 10.0; Win64; x64) AppleWebKit/537.36 (KHTML, like Gecko) Chrome/120.0.0.0 Safari/537.36','::1'),
 (378,'localhost','2024-01-23 13:51:06','/elpuntoycomamm/app/outside.php','http://localhost/elpuntoycomamm/app/login.php','Mozilla/5.0 (Windows NT 10.0; Win64; x64) AppleWebKit/537.36 (KHTML, like Gecko) Chrome/120.0.0.0 Safari/537.36','::1'),
 (379,'localhost','2024-01-23 13:51:07','/elpuntoycomamm/app/outside.php','','Mozilla/5.0 (Windows NT 10.0; Win64; x64) AppleWebKit/537.36 (KHTML, like Gecko) Chrome/120.0.0.0 Safari/537.36','::1'),
 (380,'localhost','2024-01-23 13:51:20','/elpuntoycomamm/app/outside.php','','Mozilla/5.0 (Windows NT 10.0; Win64; x64) AppleWebKit/537.36 (KHTML, like Gecko) Chrome/120.0.0.0 Safari/537.36','::1'),
 (381,'localhost','2024-01-23 13:52:43','/elpuntoycomamm/app/outside.php','http://localhost/elpuntoycomamm/app/login.php','Mozilla/5.0 (Windows NT 10.0; Win64; x64) AppleWebKit/537.36 (KHTML, like Gecko) Chrome/120.0.0.0 Safari/537.36','::1'),
 (382,'localhost','2024-01-23 13:52:44','/elpuntoycomamm/app/outside.php','','Mozilla/5.0 (Windows NT 10.0; Win64; x64) AppleWebKit/537.36 (KHTML, like Gecko) Chrome/120.0.0.0 Safari/537.36','::1'),
 (383,'localhost','2024-01-23 13:53:55','/elpuntoycomamm/app/outside.php','http://localhost/elpuntoycomamm/app/login.php','Mozilla/5.0 (Windows NT 10.0; Win64; x64) AppleWebKit/537.36 (KHTML, like Gecko) Chrome/120.0.0.0 Safari/537.36','::1'),
 (384,'localhost','2024-01-23 13:53:56','/elpuntoycomamm/app/outside.php','','Mozilla/5.0 (Windows NT 10.0; Win64; x64) AppleWebKit/537.36 (KHTML, like Gecko) Chrome/120.0.0.0 Safari/537.36','::1'),
 (385,'localhost','2024-01-23 13:59:14','/elpuntoycomamm/app/outside.php','http://localhost/elpuntoycomamm/app/login.php','Mozilla/5.0 (Windows NT 10.0; Win64; x64) AppleWebKit/537.36 (KHTML, like Gecko) Chrome/120.0.0.0 Safari/537.36','::1'),
 (387,'localhost','2024-01-23 14:07:50','/elpuntoycomamm/app/outside.php','http://localhost/elpuntoycomamm/app/registrate_gratis/comprador.php','Mozilla/5.0 (Windows NT 10.0; Win64; x64) AppleWebKit/537.36 (KHTML, like Gecko) Chrome/120.0.0.0 Safari/537.36','::1'),
 (388,'localhost','2024-01-23 14:07:51','/elpuntoycomamm/app/outside.php','','Mozilla/5.0 (Windows NT 10.0; Win64; x64) AppleWebKit/537.36 (KHTML, like Gecko) Chrome/120.0.0.0 Safari/537.36','::1'),
 (389,'localhost','2024-01-23 14:07:57','/elpuntoycomamm/app/outside.php','http://localhost/elpuntoycomamm/app/registrate_gratis/proveedor.php','Mozilla/5.0 (Windows NT 10.0; Win64; x64) AppleWebKit/537.36 (KHTML, like Gecko) Chrome/120.0.0.0 Safari/537.36','::1'),
 (391,'localhost','2024-01-23 14:09:39','/elpuntoycomamm/app/outside.php','http://localhost/elpuntoycomamm/app/registrate_gratis/comprador.php','Mozilla/5.0 (Windows NT 10.0; Win64; x64) AppleWebKit/537.36 (KHTML, like Gecko) Chrome/120.0.0.0 Safari/537.36','::1'),
 (392,'localhost','2024-01-23 14:09:40','/elpuntoycomamm/app/outside.php','','Mozilla/5.0 (Windows NT 10.0; Win64; x64) AppleWebKit/537.36 (KHTML, like Gecko) Chrome/120.0.0.0 Safari/537.36','::1'),
 (393,'localhost','2024-01-23 14:15:33','/elpuntoycomamm/app/outside.php','http://localhost/elpuntoycomamm/app/registrate_gratis/comprador.php','Mozilla/5.0 (Windows NT 10.0; Win64; x64) AppleWebKit/537.36 (KHTML, like Gecko) Chrome/120.0.0.0 Safari/537.36','::1'),
 (395,'localhost','2024-01-23 14:15:51','/elpuntoycomamm/app/outside.php','http://localhost/elpuntoycomamm/app/registrate_gratis/comprador.php','Mozilla/5.0 (Windows NT 10.0; Win64; x64) AppleWebKit/537.36 (KHTML, like Gecko) Chrome/120.0.0.0 Safari/537.36','::1'),
 (397,'localhost','2024-01-23 14:15:55','/elpuntoycomamm/app/outside.php','http://localhost/elpuntoycomamm/app/registrate_gratis/comprador.php','Mozilla/5.0 (Windows NT 10.0; Win64; x64) AppleWebKit/537.36 (KHTML, like Gecko) Chrome/120.0.0.0 Safari/537.36','::1'),
 (399,'localhost','2024-01-23 14:16:32','/elpuntoycomamm/app/outside.php','http://localhost/elpuntoycomamm/app/registrate_gratis/comprador.php','Mozilla/5.0 (Windows NT 10.0; Win64; x64) AppleWebKit/537.36 (KHTML, like Gecko) Chrome/120.0.0.0 Safari/537.36','::1'),
 (400,'localhost','2024-01-23 14:16:33','/elpuntoycomamm/app/outside.php','','Mozilla/5.0 (Windows NT 10.0; Win64; x64) AppleWebKit/537.36 (KHTML, like Gecko) Chrome/120.0.0.0 Safari/537.36','::1'),
 (401,'localhost','2024-01-23 14:17:37','/elpuntoycomamm/app/outside.php','http://localhost/elpuntoycomamm/app/registrate_gratis/comprador.php','Mozilla/5.0 (Windows NT 10.0; Win64; x64) AppleWebKit/537.36 (KHTML, like Gecko) Chrome/120.0.0.0 Safari/537.36','::1'),
 (402,'localhost','2024-01-23 14:17:38','/elpuntoycomamm/app/outside.php','','Mozilla/5.0 (Windows NT 10.0; Win64; x64) AppleWebKit/537.36 (KHTML, like Gecko) Chrome/120.0.0.0 Safari/537.36','::1'),
 (403,'localhost','2024-01-23 14:17:41','/elpuntoycomamm/app/outside.php','http://localhost/elpuntoycomamm/app/registrate_gratis/comprador.php','Mozilla/5.0 (Windows NT 10.0; Win64; x64) AppleWebKit/537.36 (KHTML, like Gecko) Chrome/120.0.0.0 Safari/537.36','::1'),
 (405,'localhost','2024-01-23 14:18:48','/elpuntoycomamm/app/outside.php','http://localhost/elpuntoycomamm/app/registrate_gratis/comprador.php','Mozilla/5.0 (Windows NT 10.0; Win64; x64) AppleWebKit/537.36 (KHTML, like Gecko) Chrome/120.0.0.0 Safari/537.36','::1'),
 (406,'localhost','2024-01-23 14:18:49','/elpuntoycomamm/app/outside.php','','Mozilla/5.0 (Windows NT 10.0; Win64; x64) AppleWebKit/537.36 (KHTML, like Gecko) Chrome/120.0.0.0 Safari/537.36','::1'),
 (407,'localhost','2024-01-23 14:19:09','/elpuntoycomamm/app/outside.php','http://localhost/elpuntoycomamm/app/registrate_gratis/proveedor.php','Mozilla/5.0 (Windows NT 10.0; Win64; x64) AppleWebKit/537.36 (KHTML, like Gecko) Chrome/120.0.0.0 Safari/537.36','::1'),
 (408,'localhost','2024-01-23 14:19:10','/elpuntoycomamm/app/outside.php','','Mozilla/5.0 (Windows NT 10.0; Win64; x64) AppleWebKit/537.36 (KHTML, like Gecko) Chrome/120.0.0.0 Safari/537.36','::1'),
 (409,'localhost','2024-01-23 15:18:30','/strasourcing/app/outside.php','','Mozilla/5.0 (Windows NT 10.0; Win64; x64) AppleWebKit/537.36 (KHTML, like Gecko) Chrome/120.0.0.0 Safari/537.36','::1'),
 (410,'localhost','2024-01-23 15:18:31','/strasourcing/app/outside.php','','Mozilla/5.0 (Windows NT 10.0; Win64; x64) AppleWebKit/537.36 (KHTML, like Gecko) Chrome/120.0.0.0 Safari/537.36','::1'),
 (411,'localhost','2024-01-23 15:34:35','/strasourcing/app/outside.php','','Mozilla/5.0 (Windows NT 10.0; Win64; x64) AppleWebKit/537.36 (KHTML, like Gecko) Chrome/120.0.0.0 Safari/537.36','::1'),
 (412,'localhost','2024-01-23 15:34:36','/strasourcing/app/outside.php','','Mozilla/5.0 (Windows NT 10.0; Win64; x64) AppleWebKit/537.36 (KHTML, like Gecko) Chrome/120.0.0.0 Safari/537.36','::1'),
 (413,'localhost','2024-01-23 15:58:13','/strasourcing/app/outside.php','','Mozilla/5.0 (Windows NT 10.0; Win64; x64) AppleWebKit/537.36 (KHTML, like Gecko) Chrome/120.0.0.0 Safari/537.36','::1'),
 (414,'localhost','2024-01-23 15:58:14','/strasourcing/app/outside.php','','Mozilla/5.0 (Windows NT 10.0; Win64; x64) AppleWebKit/537.36 (KHTML, like Gecko) Chrome/120.0.0.0 Safari/537.36','::1'),
 (415,'localhost','2024-01-25 10:10:58','/strasourcing/app/outside.php','','Mozilla/5.0 (Windows NT 10.0; Win64; x64) AppleWebKit/537.36 (KHTML, like Gecko) Chrome/120.0.0.0 Safari/537.36','::1'),
 (416,'localhost','2024-01-29 20:24:02','/strasourcing/app/outside.php','','Mozilla/5.0 (Windows NT 10.0; Win64; x64) AppleWebKit/537.36 (KHTML, like Gecko) Chrome/121.0.0.0 Safari/537.36','::1'),
 (417,'localhost','2024-01-29 20:24:03','/strasourcing/app/outside.php','','Mozilla/5.0 (Windows NT 10.0; Win64; x64) AppleWebKit/537.36 (KHTML, like Gecko) Chrome/121.0.0.0 Safari/537.36','::1'),
 (418,'localhost','2024-02-28 14:45:32','/strasourcing/app/outside.php','','Mozilla/5.0 (Windows NT 10.0; Win64; x64) AppleWebKit/537.36 (KHTML, like Gecko) Chrome/121.0.0.0 Safari/537.36','::1'),
 (419,'localhost','2024-02-28 14:45:36','/strasourcing/app/outside.php','','Mozilla/5.0 (Windows NT 10.0; Win64; x64) AppleWebKit/537.36 (KHTML, like Gecko) Chrome/121.0.0.0 Safari/537.36','::1'),
 (420,'localhost','2024-03-21 13:01:10','/strasourcing/app/outside.php','','Mozilla/5.0 (Windows NT 10.0; Win64; x64) AppleWebKit/537.36 (KHTML, like Gecko) Chrome/122.0.0.0 Safari/537.36','::1'),
 (421,'localhost','2024-03-21 13:01:11','/strasourcing/app/outside.php','','Mozilla/5.0 (Windows NT 10.0; Win64; x64) AppleWebKit/537.36 (KHTML, like Gecko) Chrome/122.0.0.0 Safari/537.36','::1'),
 (422,'localhost','2024-05-20 12:35:11','/strasourcing/app/outside.php','','Mozilla/5.0 (Windows NT 10.0; Win64; x64) AppleWebKit/537.36 (KHTML, like Gecko) Chrome/123.0.0.0 Safari/537.36','::1'),
 (423,'localhost','2024-05-20 12:35:14','/strasourcing/app/outside.php','','Mozilla/5.0 (Windows NT 10.0; Win64; x64) AppleWebKit/537.36 (KHTML, like Gecko) Chrome/123.0.0.0 Safari/537.36','::1'),
 (424,'localhost','2024-05-20 16:12:29','/strasourcing/app/outside.php','','Mozilla/5.0 (Windows NT 10.0; Win64; x64) AppleWebKit/537.36 (KHTML, like Gecko) Chrome/123.0.0.0 Safari/537.36','::1'),
 (425,'localhost','2024-05-20 16:12:30','/strasourcing/app/outside.php','','Mozilla/5.0 (Windows NT 10.0; Win64; x64) AppleWebKit/537.36 (KHTML, like Gecko) Chrome/123.0.0.0 Safari/537.36','::1'),
 (426,'localhost','2024-05-21 12:59:12','/strasourcing/app/outside.php','','Mozilla/5.0 (Windows NT 10.0; Win64; x64) AppleWebKit/537.36 (KHTML, like Gecko) Chrome/123.0.0.0 Safari/537.36','::1'),
 (427,'localhost','2024-05-21 12:59:13','/strasourcing/app/outside.php','','Mozilla/5.0 (Windows NT 10.0; Win64; x64) AppleWebKit/537.36 (KHTML, like Gecko) Chrome/123.0.0.0 Safari/537.36','::1');
/*!40000 ALTER TABLE `bigdata_out` ENABLE KEYS */;


--
-- Definition of table `ciudades`
--

DROP TABLE IF EXISTS `ciudades`;
CREATE TABLE `ciudades` (
  `id` int(10) unsigned NOT NULL AUTO_INCREMENT,
  `codigo` varchar(4) NOT NULL,
  `city` varchar(45) NOT NULL,
  `state` varchar(5) NOT NULL,
  `pais` varchar(5) NOT NULL,
  `codigo_postal` int(10) unsigned NOT NULL DEFAULT 0,
  PRIMARY KEY (`id`)
) ENGINE=InnoDB AUTO_INCREMENT=506 DEFAULT CHARSET=utf8;

--
-- Dumping data for table `ciudades`
--

/*!40000 ALTER TABLE `ciudades` DISABLE KEYS */;
INSERT INTO `ciudades` (`id`,`codigo`,`city`,`state`,`pais`,`codigo_postal`) VALUES 
 (1,'1','MAROA','1','58',0),
 (2,'1','PUERTO AYACUCHO','1','58',0),
 (3,'3','SAN FERNANDO DE ATABAPO','1','58',0),
 (4,'4','ANACO','2','58',0),
 (5,'2','ARAGUA DE BARCELONA','2','58',0),
 (6,'6','BARCELONA','2','58',0),
 (7,'7','BOCA DE UCHIRE','2','58',0),
 (8,'2','CANTAURA','2','58',0),
 (9,'9','CLARINES','2','58',0),
 (10,'10','EL CHAPARRO','2','58',0),
 (11,'11','EL PAO ANZOÁTEGUI','2','58',0),
 (12,'12','EL TIGRE','2','58',0),
 (13,'13','EL TIGRITO','2','58',0),
 (14,'14','GUANAPE','2','58',0),
 (15,'15','GUANTA','2','58',0),
 (16,'16','LECHERÍA','2','58',0),
 (17,'17','ONOTO','2','58',0),
 (18,'18','PARIAGUAN','2','58',0),
 (19,'19','PIRITU','2','58',0),
 (20,'20','PUERTO LA CRUZ','2','58',0),
 (21,'21','PUERTO PIRITU','2','58',0),
 (22,'22','SABANA DE UCHIRE','2','58',0),
 (23,'23','SAN MATEO ANZOATEGUI','2','58',0),
 (24,'24','SAN PABLO ANZOATEGUI','2','58',0),
 (25,'25','SAN TOME','2','58',0),
 (26,'26','SANTA ANA DE ANZOATEGUI','2','58',0),
 (27,'27','SANTA FE ANZOATEGUI','2','58',0),
 (28,'28','SANTA ROSA','2','58',0),
 (29,'29','SOLEDAD','2','58',0),
 (30,'30','URICA','2','58',0),
 (31,'31','VALLE DE GUANAPE','2','58',0),
 (32,'43','ACHAGUAS','3','58',0),
 (33,'44','BIRUACA','3','58',0),
 (34,'45','BRUZUAL','3','58',0),
 (35,'46','EL AMPARO','3','58',0),
 (36,'47','EL NULA','3','58',0),
 (37,'48','ELORZA','3','58',0),
 (38,'49','GUASDUALITO','3','58',0),
 (39,'50','MANTECAL','3','58',0),
 (40,'51','PUERTO PAEZ','3','58',0),
 (41,'52','SAN FERNANDO DE APURE','3','58',0),
 (42,'53','SAN JUAN DE PAYARA','3','58',0),
 (43,'54','BARBACOAS','4','58',0),
 (44,'55','CAGUA','4','58',0),
 (45,'56','CAMATAGUA','4','58',0),
 (46,'58','CHORONI','4','58',0),
 (47,'59','COLONIA TOVAR','4','58',0),
 (48,'60','EL CONSEJO','4','58',0),
 (49,'61','LA VICTORIA','4','58',0),
 (50,'62','LAS TEJERIAS','4','58',0),
 (51,'63','MAGDALENO','4','58',0),
 (52,'64','MARACAY','4','58',0),
 (53,'65','OCUMARE DE LA COSTA','4','58',0),
 (54,'66','PALO NEGRO','4','58',0),
 (55,'67','SAN CASIMIRO','4','58',0),
 (56,'68','SAN MATEO','4','58',0),
 (57,'69','SAN SEBASTIAN','4','58',0),
 (58,'70','SANTA CRUZ DE ARAGUA','4','58',0),
 (59,'71','TOCORON','4','58',0),
 (60,'72','TURMERO','4','58',0),
 (61,'73','VILLA DE CURA','4','58',0),
 (62,'74','ZUATA','4','58',0),
 (63,'75','BARINAS','5','58',0),
 (64,'76','BARINITAS','5','58',0),
 (65,'77','BARRANCAS','5','58',0),
 (66,'78','CALDERAS','5','58',0),
 (67,'79','CAPITANEJO','5','58',0),
 (68,'80','CIUDAD BOLIVIA','5','58',0),
 (69,'81','EL CANTON','5','58',0),
 (70,'82','LAS VEGUITAS','5','58',0),
 (71,'83','LIBERTAD DE BARINAS','5','58',0),
 (72,'84','SABANETA','5','58',0),
 (73,'85','SANTA BARBARA DE BARINAS','5','58',0),
 (74,'86','SOCOPO','5','58',0),
 (75,'87','CAICARA DEL ORINOCO','6','58',0),
 (76,'88','CANAIMA','6','58',0),
 (77,'89','CIUDAD BOLIVAR','6','58',0),
 (78,'90','CIUDAD PIAR','6','58',0),
 (79,'91','EL CALLAO','6','58',0),
 (80,'92','EL DORADO','6','58',0),
 (81,'93','EL MANTECO','6','58',0),
 (82,'94','EL PALMAR','6','58',0),
 (83,'95','EL PAO','6','58',0),
 (84,'96','GUASIPATI','6','58',0),
 (85,'97','GURI','6','58',0),
 (86,'98','LA PARAGUA','6','58',0),
 (87,'99','MATANZAS','6','58',0),
 (88,'100','PUERTO ORDAZ','6','58',0),
 (89,'101','SAN FELIX','6','58',0),
 (90,'102','SANTA ELENA DE UAIREN','6','58',0),
 (91,'103','TUMEREMO','6','58',0),
 (92,'104','UNARE','6','58',0),
 (93,'105','UPATA','6','58',0),
 (94,'106','BEJUMA','7','58',0),
 (95,'107','BELEN','7','58',0),
 (96,'108','CAMPO DE CARABOBO','7','58',0),
 (97,'109','CANOABO','7','58',0),
 (98,'110','CENTRAL TACARIGUA','7','58',0),
 (99,'111','CHIRGUA','7','58',0),
 (100,'112','CIUDAD ALIANZA','7','58',0),
 (101,'113','EL PALITO','7','58',0),
 (102,'114','GUACARA','7','58',0),
 (103,'115','GUIGUE','7','58',0),
 (104,'116','LAS TRINCHERAS','7','58',0),
 (105,'117','LOS GUAYOS','7','58',0),
 (106,'118','MARIARA','7','58',0),
 (107,'119','MIRANDA','7','58',0),
 (108,'120','MONTALBAN','7','58',0),
 (109,'121','MORON','7','58',0),
 (110,'122','NAGUANAGUA','7','58',0),
 (111,'123','PUERTO CABELLO','7','58',0),
 (112,'124','SAN JOAQUIN','7','58',0),
 (113,'125','TOCUYITO','7','58',0),
 (114,'126','URAMA','7','58',0),
 (115,'127','VALENCIA','7','58',0),
 (116,'128','VIGIRIMITA','7','58',0),
 (117,'129','AGUIRRE','8','58',0),
 (118,'130','APARTADEROS COJEDES','8','58',0),
 (119,'131','ARISMENDI','8','58',0),
 (120,'132','CAMURIQUITO','8','58',0),
 (121,'133','EL BAUL','8','58',0),
 (122,'134','EL LIMON','8','58',0),
 (123,'135','EL PAO COJEDES','8','58',0),
 (124,'136','EL SOCORRO','8','58',0),
 (125,'137','LA AGUADITA','8','58',0),
 (126,'138','LAS VEGAS','8','58',0),
 (127,'139','LIBERTAD DE COJEDES','8','58',0),
 (128,'140','MAPUEY','8','58',0),
 (129,'141','PIÑEDO','8','58',0),
 (130,'142','SAMANCITO','8','58',0),
 (131,'143','SAN CARLOS','8','58',0),
 (132,'144','SUCRE','8','58',0),
 (133,'145','TINACO','8','58',0),
 (134,'146','TINAQUILLO','8','58',0),
 (135,'147','VALLECITO','8','58',0),
 (136,'148','TUCUPITA','9','58',0),
 (137,'149','CARACAS','24','58',0),
 (138,'150','EL JUNQUITO','24','58',0),
 (139,'151','ADICORA','10','58',0),
 (140,'152','BOCA DE AROA','10','58',0),
 (141,'153','CABURE','10','58',0),
 (142,'154','CAPADARE','10','58',0),
 (143,'155','CAPATARIDA','10','58',0),
 (144,'156','CHICHIRIVICHE','10','58',0),
 (145,'157','CHURUGUARA','10','58',0),
 (146,'158','CORO','10','58',0),
 (147,'159','CUMAREBO','10','58',0),
 (148,'160','DABAJURO','10','58',0),
 (149,'161','JUDIBANA','10','58',0),
 (150,'162','LA CRUZ DE TARATARA','10','58',0),
 (151,'163','LA VELA DE CORO','10','58',0),
 (152,'164','LOS TAQUES','10','58',0),
 (153,'165','MAPARARI','10','58',0),
 (154,'166','MENE DE MAUROA','10','58',0),
 (155,'167','MIRIMIRE','10','58',0),
 (156,'168','PEDREGAL','10','58',0),
 (157,'169','PIRITU FALCON','10','58',0),
 (158,'170','PUEBLO NUEVO FALCON','10','58',0),
 (159,'171','PUERTO CUMAREBO','10','58',0),
 (160,'172','PUNTA CARDON','10','58',0),
 (161,'173','PUNTO FIJO','10','58',0),
 (162,'174','SAN JUAN DE LOS CAYOS','10','58',0),
 (163,'175','SAN LUIS','10','58',0),
 (164,'176','SANTA ANA FALCON','10','58',0),
 (165,'177','SANTA CRUZ DE BUCARAL','10','58',0),
 (166,'178','TOCOPERO','10','58',0),
 (167,'179','TOCUYO DE LA COSTA','10','58',0),
 (168,'180','TUCACAS','10','58',0),
 (169,'181','YARACAL','10','58',0),
 (170,'182','ALTAGRACIA DE ORITUCO','11','58',0),
 (171,'183','CABRUTA','11','58',0),
 (172,'184','CALABOZO','11','58',0),
 (173,'185','CAMAGUAN','11','58',0),
 (174,'196','CHAGUARAMAS GUARICO','11','58',0),
 (175,'197','EL SOCORRO','11','58',0),
 (176,'198','EL SOMBRERO','11','58',0),
 (177,'199','LAS MERCEDES DE LOS LLANOS','11','58',0),
 (178,'200','LEZAMA','11','58',0),
 (179,'201','ONOTO','11','58',0),
 (180,'202','ORTIZ','11','58',0),
 (181,'203','SAN JOSE DE GUARIBE','11','58',0),
 (182,'204','SAN JUAN DE LOS MORROS','11','58',0),
 (183,'205','SAN RAFAEL DE LAYA','11','58',0),
 (184,'206','SANTA MARIA DE IPIRE','11','58',0),
 (185,'207','TUCUPIDO','11','58',0),
 (186,'208','VALLE DE LA PASCUA','11','58',0),
 (187,'209','ZARAZA','11','58',0),
 (188,'210','AGUADA GRANDE','12','58',0),
 (189,'211','ATARIGUA','12','58',0),
 (190,'212','BARQUISIMETO','12','58',0),
 (191,'213','BOBARE','12','58',0),
 (192,'214','CABUDARE','12','58',0),
 (193,'215','CARORA','12','58',0),
 (194,'216','CUBIRO','12','58',0),
 (195,'217','CUJI','12','58',0),
 (196,'218','DUACA','12','58',0),
 (197,'219','EL MANZANO','12','58',0),
 (198,'220','EL TOCUYO','12','58',0),
 (199,'221','GUARICO','12','58',0),
 (200,'222','HUMOCARO ALTO','12','58',0),
 (201,'223','HUMOCARO BAJO','12','58',0),
 (202,'224','LA MIEL','12','58',0),
 (203,'225','MOROTURO','12','58',0),
 (204,'226','QUIBOR','12','58',0),
 (205,'227','RIO CLARO','12','58',0),
 (206,'228','SANARE','12','58',0),
 (207,'229','SANTA INES','12','58',0),
 (208,'230','SARARE','12','58',0),
 (209,'231','SIQUISIQUE','12','58',0),
 (210,'232','TINTORERO','12','58',0),
 (211,'233','APARTADEROS MERIDA','13','58',0),
 (212,'234','ARAPUEY','13','58',0),
 (213,'235','BAILADORES','13','58',0),
 (214,'236','CAJA SECA','13','58',0),
 (215,'237','CANAGUA','13','58',0),
 (216,'238','CHACHOPO','13','58',0),
 (217,'239','CHIGUARA','13','58',0),
 (218,'240','EJIDO','13','58',0),
 (219,'241','EL VIGIA','13','58',0),
 (220,'242','LA AZULITA','13','58',0),
 (221,'243','LA PLAYA','13','58',0),
 (222,'244','LAGUNILLAS MERIDA','13','58',0),
 (223,'245','MERIDA','13','58',0),
 (224,'246','MESA DE BOLIVAR','13','58',0),
 (225,'247','MUCUCHIES','13','58',0),
 (226,'248','MUCUJEPE','13','58',0),
 (227,'249','MUCURUBA','13','58',0),
 (228,'250','NUEVA BOLIVIA','13','58',0),
 (229,'251','PALMARITO','13','58',0),
 (230,'252','PUEBLO LLANO','13','58',0),
 (231,'253','SANTA CRUZ DE MORA','13','58',0),
 (232,'254','SANTA ELENA DE ARENALES','13','58',0),
 (233,'255','SANTO DOMINGO','13','58',0),
 (234,'256','TABAY','13','58',0),
 (235,'257','TIMOTES','13','58',0),
 (236,'258','TORONDOY','13','58',0),
 (237,'259','TOVAR','13','58',0),
 (238,'260','TUCANI','13','58',0),
 (239,'261','ZEA','13','58',0),
 (240,'262','ARAGUITA','14','58',0),
 (241,'263','CARRIZAL','14','58',0),
 (242,'264','CAUCAGUA','14','58',0),
 (243,'265','CHAGUARAMAS MIRANDA','14','58',0),
 (244,'266','CHARALLAVE','14','58',0),
 (245,'267','CHIRIMENA','14','58',0),
 (246,'268','CHUSPA','14','58',0),
 (247,'269','CUA','14','58',0),
 (248,'270','CUPIRA','14','58',0),
 (249,'271','CURIEPE','14','58',0),
 (250,'272','EL GUAPO','14','58',0),
 (251,'273','EL JARILLO','14','58',0),
 (252,'274','FILAS DE MARICHE','14','58',0),
 (253,'275','GUARENAS','14','58',0),
 (254,'276','GUATIRE','14','58',0),
 (255,'277','HIGUEROTE','14','58',0),
 (256,'278','LOS ANAUCOS','14','58',0),
 (257,'279','LOS TEQUES','14','58',0),
 (258,'280','OCUMARE DEL TUY','14','58',0),
 (259,'281','PANAQUIRE','14','58',0),
 (260,'282','PARACOTOS','14','58',0),
 (261,'283','RIO CHICO','14','58',0),
 (262,'284','SAN ANTONIO DE LOS ALTOS','14','58',0),
 (263,'285','SAN DIEGO DE LOS ALTOS','14','58',0),
 (264,'286','SAN FERNANDO DEL GUAPO','14','58',0),
 (265,'287','SAN FRANCISCO DE YARE','14','58',0),
 (266,'288','SAN JOSE DE LOS ALTOS','14','58',0),
 (267,'289','SAN JOSE DE RIO CHICO','14','58',0),
 (268,'290','SAN PEDRO DE LOS ALTOS','14','58',0),
 (269,'291','SANTA LUCIA','14','58',0),
 (270,'292','SANTA TERESA','14','58',0),
 (271,'293','TACARIGUA DE LA LAGUNA','14','58',0),
 (272,'294','TACARIGUA DE MAMPORAL','14','58',0),
 (273,'295','TACATA','14','58',0),
 (274,'296','TURUMO','14','58',0),
 (275,'297','AGUASAY','15','58',0),
 (276,'298','ARAGUA DE MATURIN','15','58',0),
 (277,'299','BARRANCAS DEL ORINOCO','15','58',0),
 (278,'300','CAICARA DE MATURIN','15','58',0),
 (279,'301','CARIPE','15','58',0),
 (280,'302','CARIPITO','15','58',0),
 (281,'303','CHAGUARAMAL','15','58',0),
 (282,'305','CHAGUARAMAS MONAGAS','15','58',0),
 (283,'307','EL FURRIAL','15','58',0),
 (284,'308','EL TEJERO','15','58',0),
 (285,'309','JUSEPIN','15','58',0),
 (286,'310','LA TOSCANA','15','58',0),
 (287,'311','MATURIN','15','58',0),
 (288,'312','MIRAFLORES','15','58',0),
 (289,'313','PUNTA DE MATA','15','58',0),
 (290,'314','QUIRIQUIRE','15','58',0),
 (291,'315','SAN ANTONIO DE MATURIN','15','58',0),
 (292,'316','SAN VICENTE MONAGAS','15','58',0),
 (293,'317','SANTA BARBARA','15','58',0),
 (294,'318','TEMBLADOR','15','58',0),
 (295,'319','TERESEN','15','58',0),
 (296,'320','URACOA','15','58',0),
 (297,'321','ALTAGRACIA','16','58',0),
 (298,'322','BOCA DE POZO','16','58',0),
 (299,'323','BOCA DE RIO','16','58',0),
 (300,'324','EL ESPINAL','16','58',0),
 (301,'325','EL VALLE DEL ESPIRITU SANTO','16','58',0),
 (302,'326','EL YAQUE','16','58',0),
 (303,'327','JUANGRIEGO','16','58',0),
 (304,'328','LA ASUNCION','16','58',0),
 (305,'329','LA GUARDIA','16','58',0),
 (306,'330','PAMPATAR','16','58',0),
 (307,'331','PORLAMAR','16','58',0),
 (308,'332','PUERTO FERMIN','16','58',0),
 (309,'333','PUNTA DE PIEDRAS','16','58',0),
 (310,'334','SAN FRANCISCO DE MACANAO','16','58',0),
 (311,'335','SAN JUAN BAUTISTA','16','58',0),
 (312,'336','SAN PEDRO DE COCHE','16','58',0),
 (313,'337','SANTA ANA DE NUEVA ESPARTA','16','58',0),
 (314,'338','VILLA ROSA','16','58',0),
 (315,'339','ACARIGUA','17','58',0),
 (316,'340','AGUA BLANCA','17','58',0),
 (317,'341','ARAURE','17','58',0),
 (318,'342','BISCUCUY','17','58',0),
 (319,'343','BOCONOITO','17','58',0),
 (320,'344','CAMPO ELIAS','17','58',0),
 (321,'345','CHABASQUEN','17','58',0),
 (322,'346','GUANARE','17','58',0),
 (323,'347','GUANARITO','17','58',0),
 (324,'348','LA APARICION','17','58',0),
 (325,'349','LA MISION','17','58',0),
 (326,'350','MESA DE CAVACAS','17','58',0),
 (327,'351','OSPINO','17','58',0),
 (328,'352','PAPELON','17','58',0),
 (329,'353','PAYARA','17','58',0),
 (330,'354','PIMPINELA','17','58',0),
 (331,'355','PIRITU DE PORTUGUESA','17','58',0),
 (332,'356','SAN RAFAEL DE ONOTO','17','58',0),
 (333,'357','SANTA ROSALIA','17','58',0),
 (334,'358','TUREN','17','58',0),
 (335,'359','ALTOS DE SUCRE','18','58',0),
 (336,'360','ARAYA','18','58',0),
 (337,'361','CARIACO','18','58',0),
 (338,'362','CARUPANO','18','58',0),
 (339,'363','CASANAY','18','58',0),
 (340,'364','CUMANA','18','58',0),
 (341,'365','CUMANACOA','18','58',0),
 (342,'366','EL MORRO PUERTO SANTO','18','58',0),
 (343,'367','EL PILAR','18','58',0),
 (344,'368','EL POBLADO','18','58',0),
 (345,'369','GUACA','18','58',0),
 (346,'370','GUIRIA','18','58',0),
 (347,'371','IRAPA','18','58',0),
 (348,'372','MANICUARE','18','58',0),
 (349,'373','MARIGUITAR','18','58',0),
 (350,'374','RIO CARIBE','18','58',0),
 (351,'375','SAN ANTONIO DEL GOLFO','18','58',0),
 (352,'376','SAN JOSE DE AEROCUAR','18','58',0),
 (353,'377','SAN VICENTE DE SUCRE','18','58',0),
 (354,'378','SANTA FE DE SUCRE','18','58',0),
 (355,'379','TUNAPUY','18','58',0),
 (356,'380','YAGUARAPARO','18','58',0),
 (357,'381','YOCO','18','58',0),
 (358,'382','ABEJALES','19','58',0),
 (359,'383','BOROTA','19','58',0),
 (360,'384','BRAMON','19','58',0),
 (361,'385','CAPACHO','19','58',0),
 (362,'386','COLON','19','58',0),
 (363,'387','COLONCITO','19','58',0),
 (364,'388','CORDERO','19','58',0),
 (365,'389','EL COBRE','19','58',0),
 (366,'390','EL PINAL','19','58',0),
 (367,'391','INDEPENDENCIA','19','58',0),
 (368,'392','LA FRIA','19','58',0),
 (369,'393','LA GRITA','19','58',0),
 (370,'394','LA PEDRERA','19','58',0),
 (371,'395','LA TENDIDA','19','58',0),
 (372,'396','LAS DELICIAS','19','58',0),
 (373,'397','LAS HERNANDEZ','19','58',0),
 (374,'398','LOBATERA','19','58',0),
 (375,'399','MICHELENA','19','58',0),
 (376,'400','PALMIRA','19','58',0),
 (377,'401','PREGONERO','19','58',0),
 (378,'402','QUENIQUEA','19','58',0),
 (379,'403','RUBIO','19','58',0),
 (380,'404','SAN ANTONIO DEL TACHIRA','19','58',0),
 (381,'405','SAN CRISTOBAL','19','58',0),
 (382,'406','SAN JOSE DE BOLIVAR','19','58',0),
 (383,'407','SAN JOSECITO','19','58',0),
 (384,'408','SAN PEDRO DEL RIO','19','58',0),
 (385,'409','SANTA ANA TACHIRA','19','58',0),
 (386,'410','SEBORUCO','19','58',0),
 (387,'411','TARIBA','19','58',0),
 (388,'412','UMUQUENA','19','58',0),
 (389,'413','UREÑA','19','58',0),
 (390,'414','BATATAL','20','58',0),
 (391,'415','BETIJOQUE','20','58',0),
 (392,'416','BOCONO','20','58',0),
 (393,'417','CARACHE','20','58',0),
 (394,'418','CHEJENDE','20','58',0),
 (395,'419','CUICAS','20','58',0),
 (396,'420','EL DIVIDIVE','20','58',0),
 (397,'421','EL JAGUITO','20','58',0),
 (398,'422','ESCUQUE','20','58',0),
 (399,'423','ISNOTU','20','58',0),
 (400,'424','JAJO','20','58',0),
 (401,'425','LA CEIBA','20','58',0),
 (402,'426','LA CONCEPCION DE TRUJLLO','20','58',0),
 (403,'427','LA MESA DE ESNUJAQUE','20','58',0),
 (404,'428','LA PUERTA','20','58',0),
 (405,'429','LA QUEBRADA','20','58',0),
 (406,'430','MENDOZA FRIA','20','58',0),
 (407,'431','MESETA DE CHIMPIRE','20','58',0),
 (408,'432','MONAY','20','58',0),
 (409,'433','MOTATAN','20','58',0),
 (410,'434','PAMPAN','20','58',0),
 (411,'435','PAMPANITO','20','58',0),
 (412,'436','SABANA DE MENDOZA','20','58',0),
 (413,'437','SAN LAZARO','20','58',0),
 (414,'438','SANTA ANA DE TRUJILLO','20','58',0),
 (415,'439','TOSTOS','20','58',0),
 (416,'440','TRUJILLO','20','58',0),
 (417,'441','VALERA','20','58',0),
 (418,'442','CARAYACA','21','58',0),
 (419,'443','LITORAL','21','58',0),
 (420,'444','ARCHIPIELAGO LOS ROQUES','25','58',0),
 (421,'445','AROA','22','58',0),
 (422,'446','BORAURE','22','58',0),
 (423,'447','CAMPO ELIAS DE YARACUY','22','58',0),
 (424,'448','CHIVACOA','22','58',0),
 (425,'449','COCOROTE','22','58',0),
 (426,'450','FARRIAR','22','58',0),
 (427,'451','GUAMA','22','58',0),
 (428,'452','MARIN','22','58',0),
 (429,'453','NIRGUA','22','58',0),
 (430,'454','SABANA DE PARRA','22','58',0),
 (431,'455','SALOM','22','58',0),
 (432,'456','SAN FELIPE','22','58',0),
 (433,'457','SAN PABLO DE YARACUY','22','58',0),
 (434,'458','URACHICHE','22','58',0),
 (435,'459','YARITAGUA','22','58',0),
 (436,'460','YUMARE','22','58',0),
 (437,'461','BACHAQUERO','23','58',0),
 (438,'462','BOBURES','23','58',0),
 (439,'463','CABIMAS','23','58',0),
 (440,'464','CAMPO CONCEPCION','23','58',0),
 (441,'465','CAMPO MARA','23','58',0),
 (442,'466','CAMPO ROJO','23','58',0),
 (443,'467','CARRASQUERO','23','58',0),
 (444,'468','CASIGUA','23','58',0),
 (445,'469','CHIQUINQUIRA','23','58',0),
 (446,'470','CIUDAD OJEDA','23','58',0),
 (447,'471','EL BATEY','23','58',0),
 (448,'472','EL CARMELO','23','58',0),
 (449,'473','EL CHIVO','23','58',0),
 (450,'474','EL GUAYABO','23','58',0),
 (451,'475','EL MENE','23','58',0),
 (452,'476','EL VENADO','23','58',0),
 (453,'477','ENCONTRADOS','23','58',0),
 (454,'478','GIBRALTAR','23','58',0),
 (455,'479','ISLA DE TOAS','23','58',0),
 (456,'480','LA CONCEPCION DEL ZULIA','23','58',0),
 (457,'481','LA PAZ','23','58',0),
 (458,'482','LA SIERRITA','23','58',0),
 (459,'483','LAGUNILLAS DEL ZULIA','23','58',0),
 (460,'484','LAS PIEDRAS DE PERIJA','23','58',0),
 (461,'485','LOS CORTIJOS','23','58',0),
 (462,'486','MACHIQUES','23','58',0),
 (463,'487','MARACAIBO','23','58',0),
 (464,'488','MENE GRANDE','23','58',0),
 (465,'489','PALMAREJO','23','58',0),
 (466,'490','PARAGUAIPOA','23','58',0),
 (467,'491','POTRERITO','23','58',0),
 (468,'492','PUEBLO NUEVO DEL ZULIA','23','58',0),
 (469,'493','PUERTOS DE ALTAGRACIA','23','58',0),
 (470,'494','PUNTA GORDA','23','58',0),
 (471,'495','SABANETA DE PALMA','23','58',0),
 (472,'496','SAN FRANCISCO','23','58',0),
 (473,'497','SAN JOSE DE PERIJA','23','58',0),
 (474,'498','SAN RAFAEL DEL MOJAN','23','58',0),
 (475,'499','SAN TIMOTEO','23','58',0),
 (476,'500','SANTA BARBARA DEL ZULIA','23','58',0),
 (477,'501','SANTA CRUZ DE MARA','23','58',0),
 (478,'502','SANTA CRUZ DEL ZULIA','23','58',0),
 (479,'503','SANTA RITA','23','58',0),
 (480,'504','SINAMAICA','23','58',0),
 (481,'505','TAMARE','23','58',0),
 (482,'506','TIA JUANA','23','58',0),
 (483,'507','VILLA DEL ROSARIO','23','58',0),
 (484,'508','LA GUAIRA','21','58',0),
 (485,'509','CATIA LA MAR','21','58',0),
 (486,'510','MACUTO','21','58',0),
 (487,'511','NAIGUATA','21','58',0),
 (488,'512','ARCHIPIELAGO LOS MONJES','25','58',0),
 (489,'513','ISLA LA TORTUGA Y CAYOS ADYACE','25','58',0),
 (490,'514','ISLA LA SOLA','25','58',0),
 (491,'515','ISLAS LOS TESTIGOS','25','58',0),
 (492,'516','ISLAS LOS FRAILES','25','58',0),
 (493,'517','ISLA LA ORCHILA','25','58',0),
 (494,'518','ARCHIPIELAGO LAS AVES','25','58',0),
 (495,'519','ISLA DE AVES','25','58',0),
 (496,'520','ISLA LA BLANQUILLA','25','58',0),
 (497,'521','ISLA DE PATOS','25','58',0),
 (498,'522','ISLAS LOS HERMANOS','25','58',0),
 (499,'523','SAN DIEGO','7','58',0);
/*!40000 ALTER TABLE `ciudades` ENABLE KEYS */;


--
-- Definition of table `cliente`
--

DROP TABLE IF EXISTS `cliente`;
CREATE TABLE `cliente` (
  `idcliente` int(11) NOT NULL AUTO_INCREMENT,
  `nombre` varchar(100) COLLATE utf8_spanish_ci NOT NULL,
  `telefono` varchar(15) COLLATE utf8_spanish_ci NOT NULL,
  `direccion` varchar(200) COLLATE utf8_spanish_ci NOT NULL,
  `usuario_id` int(11) NOT NULL,
  `estado` int(11) NOT NULL DEFAULT 1,
  PRIMARY KEY (`idcliente`)
) ENGINE=InnoDB AUTO_INCREMENT=5 DEFAULT CHARSET=utf8 COLLATE=utf8_spanish_ci;

--
-- Dumping data for table `cliente`
--

/*!40000 ALTER TABLE `cliente` DISABLE KEYS */;
INSERT INTO `cliente` (`idcliente`,`nombre`,`telefono`,`direccion`,`usuario_id`,`estado`) VALUES 
 (1,'Público en General','8296826298','S/D',1,1),
 (2,'Angel sifuentes flores','2147483647','Lima - Huari',1,1),
 (4,'Carlos Peraza','04144840676','Las trinitarias',1,1);
/*!40000 ALTER TABLE `cliente` ENABLE KEYS */;


--
-- Definition of table `configuracion`
--

DROP TABLE IF EXISTS `configuracion`;
CREATE TABLE `configuracion` (
  `id` int(11) NOT NULL AUTO_INCREMENT,
  `nombre` varchar(100) COLLATE utf8_spanish_ci NOT NULL,
  `telefono` varchar(15) COLLATE utf8_spanish_ci NOT NULL,
  `email` varchar(100) COLLATE utf8_spanish_ci NOT NULL,
  `direccion` text COLLATE utf8_spanish_ci NOT NULL,
  `afiliacion` decimal(2,0) NOT NULL DEFAULT 15,
  `comisionAfiliacion` decimal(2,0) NOT NULL DEFAULT 5,
  PRIMARY KEY (`id`)
) ENGINE=InnoDB AUTO_INCREMENT=2 DEFAULT CHARSET=utf8 COLLATE=utf8_spanish_ci;

--
-- Dumping data for table `configuracion`
--

/*!40000 ALTER TABLE `configuracion` DISABLE KEYS */;
INSERT INTO `configuracion` (`id`,`nombre`,`telefono`,`email`,`direccion`,`afiliacion`,`comisionAfiliacion`) VALUES 
 (1,'Sistema de Procura y Abastecimiento','04144840676','carlosperazavz@gmail.com','C.C. Caribbean Plaza, Valencia - Venezuela','15','5');
/*!40000 ALTER TABLE `configuracion` ENABLE KEYS */;


--
-- Definition of table `detalle_permisos`
--

DROP TABLE IF EXISTS `detalle_permisos`;
CREATE TABLE `detalle_permisos` (
  `id` int(11) NOT NULL AUTO_INCREMENT,
  `id_permiso` int(11) NOT NULL,
  `id_usuario` int(11) NOT NULL,
  `agregar` varchar(1) NOT NULL DEFAULT ' ' COMMENT 'A',
  `modificar` varchar(1) NOT NULL DEFAULT ' ' COMMENT 'M',
  `eliminar` varchar(1) NOT NULL DEFAULT ' ' COMMENT 'E',
  `consultar` varchar(1) NOT NULL DEFAULT ' ' COMMENT 'C',
  PRIMARY KEY (`id`)
) ENGINE=InnoDB AUTO_INCREMENT=12029 DEFAULT CHARSET=utf8mb4;

--
-- Dumping data for table `detalle_permisos`
--

/*!40000 ALTER TABLE `detalle_permisos` DISABLE KEYS */;
INSERT INTO `detalle_permisos` (`id`,`id_permiso`,`id_usuario`,`agregar`,`modificar`,`eliminar`,`consultar`) VALUES 
 (12,1,2,'0','0','0','0'),
 (13,2,2,'0','0','0','0'),
 (14,3,2,'0','0','0','0'),
 (15,4,2,'0','0','0','0'),
 (16,5,2,'0','0','0','0'),
 (17,6,2,'0','0','0','0'),
 (169,6,9,'0','0','0','0'),
 (170,7,9,'0','0','0','0'),
 (171,5,9,'0','0','0','0'),
 (172,4,9,'0','0','0','0'),
 (173,3,9,'0','0','0','0'),
 (174,2,9,'0','0','0','0'),
 (175,8,9,'0','0','0','0'),
 (176,9,9,'0','0','0','0'),
 (177,10,9,'0','0','0','0'),
 (178,11,9,'0','0','0','0'),
 (179,12,9,'0','0','0','0'),
 (213,6,7,'0','0','0','0'),
 (214,7,7,'0','0','0','0'),
 (215,4,7,'0','0','0','0'),
 (216,3,7,'0','0','0','0'),
 (217,2,7,'0','0','0','0'),
 (218,8,7,'0','0','0','0'),
 (219,9,7,'0','0','0','0'),
 (220,10,7,'0','0','0','0'),
 (221,11,7,'0','0','0','0'),
 (222,12,7,'0','0','0','0'),
 (247,6,4,'0','0','0','0'),
 (248,7,4,'0','0','0','0'),
 (249,5,4,'0','0','0','0'),
 (250,4,4,'0','0','0','0'),
 (251,3,4,'0','0','0','0'),
 (252,2,4,'0','0','0','0'),
 (253,1,4,'0','0','0','0'),
 (254,8,4,'0','0','0','0'),
 (255,6,3,'0','0','0','0'),
 (256,7,3,'0','0','0','0'),
 (257,5,3,'0','0','0','0'),
 (258,4,3,'0','0','0','0'),
 (259,3,3,'0','0','0','0'),
 (260,2,3,'0','0','0','0'),
 (261,1,3,'0','0','0','0'),
 (262,8,3,'0','0','0','0'),
 (263,9,3,'0','0','0','0'),
 (264,10,3,'0','0','0','0'),
 (265,11,3,'0','0','0','0'),
 (266,12,3,'0','0','0','0'),
 (267,6,10,'0','0','0','0'),
 (268,7,10,'0','0','0','0'),
 (269,5,10,'0','0','0','0'),
 (270,4,10,'0','0','0','0'),
 (271,3,10,'0','0','0','0'),
 (272,2,10,'0','0','0','0'),
 (273,1,10,'0','0','0','0'),
 (274,8,10,'0','0','0','0'),
 (275,9,10,'0','0','0','0'),
 (276,10,10,'0','0','0','0'),
 (277,11,10,'0','0','0','0'),
 (278,12,10,'0','0','0','0'),
 (459,6,1,'0','0','0','0'),
 (460,7,1,'0','0','0','0'),
 (461,5,1,'0','0','0','0'),
 (462,4,1,'0','0','0','0'),
 (463,3,1,'0','0','0','0'),
 (464,2,1,'0','0','0','0'),
 (465,1,1,'0','0','0','0'),
 (466,8,1,'0','0','0','0'),
 (467,9,1,'0','0','0','0'),
 (468,10,1,'0','0','0','0'),
 (469,11,1,'0','0','0','0'),
 (470,12,1,'0','0','0','0'),
 (11591,138,6,'','','','C'),
 (11592,140,6,'A','','',''),
 (11593,140,6,'','M','',''),
 (11594,140,6,'','','E',''),
 (11595,140,6,'','','','C'),
 (11624,146,6,'A','','',''),
 (11625,146,6,'','M','',''),
 (11626,146,6,'','','E',''),
 (11627,146,6,'','','','C'),
 (11628,147,6,'A','','',''),
 (11629,147,6,'','M','',''),
 (11630,147,6,'','','E',''),
 (11631,147,6,'','','','C'),
 (11640,150,6,'A','','',''),
 (11641,150,6,'','M','',''),
 (11642,150,6,'','','E',''),
 (11643,150,6,'','','','C'),
 (11688,140,11,'A','','',''),
 (11689,140,11,'','M','',''),
 (11690,140,11,'','','E',''),
 (11691,140,11,'','','','C'),
 (11692,141,11,'A','','',''),
 (11693,141,11,'','M','',''),
 (11694,141,11,'','','E',''),
 (11695,141,11,'','','','C'),
 (11696,142,11,'A','','',''),
 (11697,142,11,'','M','',''),
 (11698,142,11,'','','E',''),
 (11699,142,11,'','','','C'),
 (11700,143,11,'A','','',''),
 (11701,143,11,'','M','',''),
 (11702,143,11,'','','E',''),
 (11703,143,11,'','','','C'),
 (11704,144,11,'A','','',''),
 (11705,144,11,'','M','',''),
 (11706,144,11,'','','E',''),
 (11707,144,11,'','','','C'),
 (11708,145,11,'A','','',''),
 (11709,145,11,'','M','',''),
 (11710,145,11,'','','E',''),
 (11711,145,11,'','','','C'),
 (11712,146,11,'A','','',''),
 (11713,146,11,'','M','',''),
 (11714,146,11,'','','E',''),
 (11715,146,11,'','','','C'),
 (11716,147,11,'A','','',''),
 (11717,147,11,'','M','',''),
 (11718,147,11,'','','E',''),
 (11719,147,11,'','','','C'),
 (11720,148,11,'A','','',''),
 (11721,148,11,'','M','',''),
 (11722,148,11,'','','E',''),
 (11723,148,11,'','','','C'),
 (11724,149,11,'A','','',''),
 (11725,149,11,'','M','',''),
 (11726,149,11,'','','E',''),
 (11727,149,11,'','','','C'),
 (11732,138,1,'A','','',''),
 (11733,138,1,'','M','',''),
 (11734,138,1,'','','E',''),
 (11735,138,1,'','','','C'),
 (11736,140,1,'A','','',''),
 (11737,140,1,'','M','',''),
 (11738,140,1,'','','E',''),
 (11739,140,1,'','','','C'),
 (11740,141,1,'A','','',''),
 (11741,141,1,'','M','',''),
 (11742,141,1,'','','E',''),
 (11743,141,1,'','','','C'),
 (11744,142,1,'A','','',''),
 (11745,142,1,'','M','',''),
 (11746,142,1,'','','E',''),
 (11747,142,1,'','','','C'),
 (11748,143,1,'A','','',''),
 (11749,143,1,'','M','',''),
 (11750,143,1,'','','E',''),
 (11751,143,1,'','','','C'),
 (11752,144,1,'A','','',''),
 (11753,144,1,'','M','',''),
 (11754,144,1,'','','E',''),
 (11755,144,1,'','','','C'),
 (11756,145,1,'A','','',''),
 (11757,145,1,'','M','',''),
 (11758,145,1,'','','E',''),
 (11759,145,1,'','','','C'),
 (11760,146,1,'A','','',''),
 (11761,146,1,'','M','',''),
 (11762,146,1,'','','E',''),
 (11763,146,1,'','','','C'),
 (11764,147,1,'A','','',''),
 (11765,147,1,'','M','',''),
 (11766,147,1,'','','E',''),
 (11767,147,1,'','','','C'),
 (11768,148,1,'A','','',''),
 (11769,148,1,'','M','',''),
 (11770,148,1,'','','E',''),
 (11771,148,1,'','','','C'),
 (11772,149,1,'A','','',''),
 (11773,149,1,'','M','',''),
 (11774,149,1,'','','E',''),
 (11775,149,1,'','','','C'),
 (11776,150,1,'A','','',''),
 (11777,150,1,'','M','',''),
 (11778,150,1,'','','E',''),
 (11779,150,1,'','','','C'),
 (11831,138,7,'','','','C'),
 (11832,140,7,'A','','',''),
 (11833,140,7,'','M','',''),
 (11834,140,7,'','','E',''),
 (11835,140,7,'','','','C'),
 (11836,141,7,'A','','',''),
 (11837,141,7,'','M','',''),
 (11838,141,7,'','','E',''),
 (11839,141,7,'','','','C'),
 (11840,142,7,'A','','',''),
 (11841,142,7,'','M','',''),
 (11842,142,7,'','','E',''),
 (11843,142,7,'','','','C'),
 (11844,143,7,'A','','',''),
 (11845,143,7,'','M','',''),
 (11846,143,7,'','','E',''),
 (11847,143,7,'','','','C'),
 (11848,144,7,'A','','',''),
 (11849,144,7,'','M','',''),
 (11850,144,7,'','','E',''),
 (11851,144,7,'','','','C'),
 (11852,145,7,'A','','',''),
 (11853,145,7,'','M','',''),
 (11854,145,7,'','','E',''),
 (11855,145,7,'','','','C'),
 (11856,146,7,'A','','',''),
 (11857,146,7,'','M','',''),
 (11858,146,7,'','','E',''),
 (11859,146,7,'','','','C'),
 (11860,147,7,'A','','',''),
 (11861,147,7,'','M','',''),
 (11862,147,7,'','','E',''),
 (11863,147,7,'','','','C'),
 (11864,148,7,'A','','',''),
 (11865,148,7,'','M','',''),
 (11866,148,7,'','','E',''),
 (11867,148,7,'','','','C'),
 (11871,149,7,'','','','C'),
 (11872,150,7,'A','','',''),
 (11873,150,7,'','M','',''),
 (11874,150,7,'','','E',''),
 (11875,150,7,'','','','C'),
 (11876,138,4,'A','','',''),
 (11877,138,4,'','M','',''),
 (11878,138,4,'','','E',''),
 (11879,138,4,'','','','C'),
 (11880,140,4,'A','','',''),
 (11881,140,4,'','M','',''),
 (11882,140,4,'','','E',''),
 (11883,140,4,'','','','C'),
 (11884,141,4,'A','','',''),
 (11885,141,4,'','M','',''),
 (11886,141,4,'','','E',''),
 (11887,141,4,'','','','C'),
 (11888,142,4,'A','','',''),
 (11889,142,4,'','M','',''),
 (11890,142,4,'','','E',''),
 (11891,142,4,'','','','C'),
 (11892,143,4,'A','','',''),
 (11893,143,4,'','M','',''),
 (11894,143,4,'','','E',''),
 (11895,143,4,'','','','C'),
 (11896,144,4,'A','','',''),
 (11897,144,4,'','M','',''),
 (11898,144,4,'','','E',''),
 (11899,144,4,'','','','C'),
 (11900,145,4,'A','','',''),
 (11901,145,4,'','M','',''),
 (11902,145,4,'','','E',''),
 (11903,145,4,'','','','C'),
 (11904,146,4,'A','','',''),
 (11905,146,4,'','M','',''),
 (11906,146,4,'','','E',''),
 (11907,146,4,'','','','C'),
 (11908,147,4,'A','','',''),
 (11909,147,4,'','M','',''),
 (11910,147,4,'','','E',''),
 (11911,147,4,'','','','C'),
 (11912,148,4,'A','','',''),
 (11913,148,4,'','M','',''),
 (11914,148,4,'','','E',''),
 (11915,148,4,'','','','C'),
 (11916,149,4,'A','','',''),
 (11917,149,4,'','M','',''),
 (11918,149,4,'','','E',''),
 (11919,149,4,'','','','C'),
 (11920,150,4,'A','','',''),
 (11921,150,4,'','M','',''),
 (11922,150,4,'','','E',''),
 (11923,150,4,'','','','C'),
 (11924,138,9,'A','','',''),
 (11925,138,9,'','M','',''),
 (11926,138,9,'','','E',''),
 (11927,138,9,'','','','C'),
 (11928,140,9,'A','','',''),
 (11929,140,9,'','M','',''),
 (11930,140,9,'','','E',''),
 (11931,140,9,'','','','C'),
 (11932,141,9,'A','','',''),
 (11933,141,9,'','M','',''),
 (11934,141,9,'','','E',''),
 (11935,141,9,'','','','C'),
 (11936,142,9,'A','','',''),
 (11937,142,9,'','M','',''),
 (11938,142,9,'','','E',''),
 (11939,142,9,'','','','C'),
 (11940,143,9,'A','','',''),
 (11941,143,9,'','M','',''),
 (11942,143,9,'','','E',''),
 (11943,143,9,'','','','C'),
 (11944,144,9,'A','','',''),
 (11945,144,9,'','M','',''),
 (11946,144,9,'','','E',''),
 (11947,144,9,'','','','C'),
 (11948,145,9,'A','','',''),
 (11949,145,9,'','M','',''),
 (11950,145,9,'','','E',''),
 (11951,145,9,'','','','C'),
 (11952,146,9,'A','','',''),
 (11953,146,9,'','M','',''),
 (11954,146,9,'','','E',''),
 (11955,146,9,'','','','C'),
 (11956,147,9,'A','','',''),
 (11957,147,9,'','M','',''),
 (11958,147,9,'','','E',''),
 (11959,147,9,'','','','C'),
 (11960,148,9,'A','','',''),
 (11961,148,9,'','M','',''),
 (11962,148,9,'','','E',''),
 (11963,148,9,'','','','C'),
 (11964,149,9,'A','','',''),
 (11965,149,9,'','M','',''),
 (11966,149,9,'','','E',''),
 (11967,149,9,'','','','C'),
 (11968,150,9,'A','','',''),
 (11969,150,9,'','M','',''),
 (11970,150,9,'','','E',''),
 (11971,150,9,'','','','C'),
 (11972,138,11,'A','','',''),
 (11973,138,11,'','M','',''),
 (11974,138,11,'','','E',''),
 (11975,138,11,'','','','C'),
 (11976,150,11,'A','','',''),
 (11977,150,11,'','M','',''),
 (11978,150,11,'','','E',''),
 (11979,150,11,'','','','C'),
 (11983,138,5,'','','','C'),
 (11984,140,5,'A','','',''),
 (11985,140,5,'','M','',''),
 (11986,140,5,'','','E',''),
 (11987,140,5,'','','','C'),
 (11988,145,5,'A','','',''),
 (11989,145,5,'','M','',''),
 (11990,145,5,'','','E',''),
 (11991,145,5,'','','','C'),
 (11992,147,5,'A','','',''),
 (11993,147,5,'','M','',''),
 (11994,147,5,'','','E',''),
 (11995,147,5,'','','','C'),
 (11996,148,5,'A','','',''),
 (11997,148,5,'','M','',''),
 (11998,148,5,'','','E',''),
 (11999,148,5,'','','','C'),
 (12000,149,5,'','','','C'),
 (12001,146,5,'A','','',''),
 (12002,146,5,'','M','',''),
 (12003,146,5,'','','E',''),
 (12004,146,5,'','','','C'),
 (12008,138,8,'','','','C'),
 (12009,140,8,'A','','',''),
 (12010,140,8,'','M','',''),
 (12011,140,8,'','','E',''),
 (12012,140,8,'','','','C'),
 (12013,146,8,'A','','',''),
 (12014,146,8,'','M','',''),
 (12015,146,8,'','','E',''),
 (12016,146,8,'','','','C'),
 (12017,147,8,'A','','',''),
 (12018,147,8,'','M','',''),
 (12019,147,8,'','','E',''),
 (12020,147,8,'','','','C'),
 (12021,150,8,'A','','',''),
 (12022,150,8,'','M','',''),
 (12023,150,8,'','','E',''),
 (12024,150,8,'','','','C'),
 (12025,149,8,'A','','',''),
 (12026,149,8,'','M','',''),
 (12027,149,8,'','','E',''),
 (12028,149,8,'','','','C');
/*!40000 ALTER TABLE `detalle_permisos` ENABLE KEYS */;


--
-- Definition of table `empresas`
--

DROP TABLE IF EXISTS `empresas`;
CREATE TABLE `empresas` (
  `id` int(10) unsigned NOT NULL AUTO_INCREMENT,
  `numero_rif` varchar(20) NOT NULL DEFAULT '0',
  `razon_social` varchar(120) NOT NULL DEFAULT '0',
  `email_empresa` varchar(120) NOT NULL DEFAULT '0',
  `telefono_empresa` varchar(20) NOT NULL DEFAULT '58',
  `direccion_empresa` text NOT NULL DEFAULT '0',
  `pais` varchar(2) NOT NULL DEFAULT 'VE',
  `state` int(10) unsigned NOT NULL DEFAULT 0,
  `ciudad` int(10) unsigned NOT NULL DEFAULT 0,
  `tipo_infraestructura` int(10) unsigned NOT NULL DEFAULT 0,
  `area_trabajo` int(10) unsigned NOT NULL DEFAULT 0,
  `sector_industrial` int(10) unsigned NOT NULL DEFAULT 0,
  `tipo_organizacion` int(10) unsigned NOT NULL DEFAULT 0,
  `tipo_infraestructura_otro` varchar(255) NOT NULL DEFAULT ' ',
  `area_trabajo_otro` varchar(255) NOT NULL DEFAULT ' ',
  `sector_industrial_otro` varchar(255) NOT NULL DEFAULT ' ',
  `pertenece_camara` int(10) unsigned NOT NULL DEFAULT 0,
  `contacto_nombre` varchar(120) NOT NULL DEFAULT ' ',
  `contacto_email` varchar(120) NOT NULL DEFAULT ' ',
  `contacto_telefono` varchar(45) NOT NULL DEFAULT ' ',
  `admin_nombre` varchar(120) NOT NULL DEFAULT ' ',
  `admin_cargo` varchar(120) NOT NULL DEFAULT '',
  `admin_email` varchar(120) NOT NULL DEFAULT '',
  `admin_telefono` varchar(45) NOT NULL DEFAULT '',
  `estado` int(10) unsigned NOT NULL DEFAULT 0,
  `tipo_organizacion_otro` varchar(255) NOT NULL DEFAULT '',
  `comentario` text NOT NULL DEFAULT '',
  `latitude` double NOT NULL DEFAULT 0,
  `longitude` double NOT NULL DEFAULT 0,
  `rif_imagen` varchar(255) NOT NULL DEFAULT '',
  `logo_imagen` varchar(255) NOT NULL DEFAULT '',
  `codigo` int(10) unsigned NOT NULL DEFAULT 0,
  `contrato` int(10) unsigned NOT NULL DEFAULT 0,
  `fecha_contrato` date DEFAULT NULL,
  `plan` varchar(1) NOT NULL DEFAULT 'B' COMMENT '''B'':asico ''A'':vanzado ''C'':IEC',
  PRIMARY KEY (`id`)
) ENGINE=InnoDB AUTO_INCREMENT=19375 DEFAULT CHARSET=utf8 COMMENT='Empresas del SPA';

--
-- Dumping data for table `empresas`
--

/*!40000 ALTER TABLE `empresas` DISABLE KEYS */;
INSERT INTO `empresas` (`id`,`numero_rif`,`razon_social`,`email_empresa`,`telefono_empresa`,`direccion_empresa`,`pais`,`state`,`ciudad`,`tipo_infraestructura`,`area_trabajo`,`sector_industrial`,`tipo_organizacion`,`tipo_infraestructura_otro`,`area_trabajo_otro`,`sector_industrial_otro`,`pertenece_camara`,`contacto_nombre`,`contacto_email`,`contacto_telefono`,`admin_nombre`,`admin_cargo`,`admin_email`,`admin_telefono`,`estado`,`tipo_organizacion_otro`,`comentario`,`latitude`,`longitude`,`rif_imagen`,`logo_imagen`,`codigo`,`contrato`,`fecha_contrato`,`plan`) VALUES 
 (19334,'J-316732631','servicios especializados','info@ciudadhive.com','0414-4840676','Calle 123 avenida 45, Valencia, CARABOBO','VE',7,125,30,37,73,22,'','','',0,'Carlos Peraza Hernandez','carlosperazavz@gmail.com','04144840676','Pedro Perez Joit','Administrador','pedroperez@gmail.com','0412-98874452',1,'','con comentario',10.199915,-68.0104358,'servicio-de-auto.png','matraz.png',0,123456745,'2025-02-24','B'),
 (19335,'J1111111111','Empresas Adereso, c.a.','carlosperazavz@gmail.com','0424-1111111','Calle 123 avenida 45\r\nLos Palos Grandes','VE',7,127,31,36,76,21,'','','',159,'Javier Vidal','javiervidal@gmail.com','0412-45521452','Jose Martinez','Presidente','precidencia@empresasmendoza.com','0414-2368807',1,'',' sdf sdfsdfsdf sdf',0,0,'ciudadihiveLogo.png','salsalogo.png',0,12345678,'2024-10-06','A'),
 (19337,'J-23454234-0','Soluciones Migratorias - Compras','delnegro@gmail.com','0424-44551122','Residencias LAs Trinitarias torre 9 Planta Baja Apto PBB\r\nCiudad Alianza','VE',7,127,28,35,9,25,'','','',0,'Pedro Azuaje','pedroazuaje@gmail.com','0414-12343212','Oswaldo Sarquis','Presidente','oswaldosaequis@gmail.com','0414-44551122',1,'','Este campo se usa para informar mas a nosotros',0,0,'servicio-de-auto.png','solucionesMigtatorias.png',0,12334234,'2025-10-05','C'),
 (19338,'J-05678966-0','Estradas Corp.','estradasCorp@gmail.com','04215-5544888','Calle 123 avenida 45\r\nLos Palos Grandes','VE',7,127,30,36,75,26,'','','',0,'Pablo Estrada','pabloEstada@gmail.com','0414-4528877','Carlos Peraza','Presidente','cpdigitalsolution@yahoo.com.ve','04144840676',1,'','Esta empresa tiene el rif J-05678966-0',0,0,'servicio-de-auto.png','matraz - copia (4).png',0,12112121,'2024-10-06','B'),
 (19339,'J-4124560079','Papeles Venezolanos','josegomez@gmail.com','04124560079','Calle 123 avenida 45\r\nLos Palos Grandes','VE',7,127,31,36,75,24,'','','',0,'Pedro Carmona','carlosperazaz@gmail.com','04144840676','Carlos Peraza','Presidente','cpdigitalsolution@yahoo.com.ve','04144840676',1,'','sdfs sdf sdfsd',0,0,'servicio-de-auto.png','matraz - copia (5).png',0,0,'0000-00-00','B'),
 (19340,'J1234567890','Empresas del Centro','empresas@delcentro.com','04124560079','Calle 123 avenida 45\r\nLos Palos Grandes','VE',7,127,31,37,13,22,'','','',0,'Jose Gutierrez','josegutierrez@gmail.com','04144840676','Oswaldo Sarquis','Presidente','josegomez@gmail.com','04124560079',1,'','Esta es una empresa de prueba',0,0,'servicio-de-auto.png','matraz.png',0,0,'0000-00-00','B'),
 (19347,'J-316732630','helmut sycorvo, corp','helmut@gmail.com','04122255441','sin monbre','VE',7,127,31,36,74,26,'','','',0,'helmut Sycorvo','helmut@gmail.com','04148754214','helmut Sycorvo','Presidente','hsycorvo@gmail.com','04124560079',1,'','prueba',0,0,'servicio-de-auto.png','ciudadHivemarket.png',0,0,'0000-00-00','B'),
 (19348,'J-234989823-0','Grupo Mazda','grupomazda@gmail.com','041487542154','sin direccion','VE',7,127,27,35,6,24,'','','',0,'carlos perez','cperez@gmail.com','04125487215',' ','','','',1,'','sin detalles',0,0,'','',0,0,'0000-00-00','B'),
 (19372,'J45069460456','Representaciones Pedrito - Empresa','carlosperazavz@hotmail.com','04172255447','sd;f sd;flks;dfsd ;fksd;lk','VE',8,138,31,36,74,26,'','','',0,'Pedrito Fernandez','carlosperazavz@hotmail.com','04125544887','Carlitos Fernandez','director','carlosperazavz@hotmail.com','4188313131',1,'','no se que mas',0,0,'','',0,0,'0000-00-00','B'),
 (19373,'J316732316','CP DIGITAL SOLUTION, C.A.','carlosperazavz@gmail.com','0414840676','residencias las trinitarias - Ciudad Alianza - Guacara','VE',7,114,30,36,76,21,'','','',0,'Carlos Peraza','carlosperazavz@gmail.com','04144840676',' ','','','',1,'','EMPRESA SE SERVICIO DE COMPUTACION',0,0,'','',0,0,NULL,'B'),
 (19374,'J-345345345','Empresas del canto','Empresasdelcanto@gmail.com','02541545454','la misma Empresas del canto','VE',7,114,31,36,13,24,'','','',0,'Maitzas Vina','maritzavina@gmail.com','04125444877','Maritza Vina','Directora','empresadelcanto@gmail.com','042411225547',0,'','es una Empresas del canto',0,0,'','',0,0,NULL,'A');
/*!40000 ALTER TABLE `empresas` ENABLE KEYS */;


--
-- Definition of table `estados`
--

DROP TABLE IF EXISTS `estados`;
CREATE TABLE `estados` (
  `id` int(10) unsigned NOT NULL AUTO_INCREMENT,
  `codigo` varchar(2) NOT NULL,
  `state` varchar(45) NOT NULL,
  PRIMARY KEY (`id`)
) ENGINE=InnoDB AUTO_INCREMENT=26 DEFAULT CHARSET=utf8;

--
-- Dumping data for table `estados`
--

/*!40000 ALTER TABLE `estados` DISABLE KEYS */;
INSERT INTO `estados` (`id`,`codigo`,`state`) VALUES 
 (1,'01','AMAZONAS'),
 (2,'02','ANZOATEGUI'),
 (3,'03','APURE'),
 (4,'04','ARAGUA'),
 (5,'05','BARINAS'),
 (6,'06','BOLIVAR'),
 (7,'07','CARABOBO'),
 (8,'08','COJEDES'),
 (9,'09','DELTA AMACURO'),
 (10,'25','DEPENDENCIAS FEDERALES'),
 (11,'24','DISTRITO CAPITAL'),
 (12,'10','FALCON'),
 (13,'11','GUARICO'),
 (14,'17','PORTUGUESA'),
 (15,'18','SUCRE'),
 (16,'19','TACHIRA'),
 (17,'20','TRUJILLO'),
 (18,'21','VARGAS'),
 (19,'22','YARACUY'),
 (20,'23','ZULIA'),
 (21,'12','LARA'),
 (22,'13','MERIDA'),
 (23,'14','MIRANDA'),
 (24,'15','MONAGAS'),
 (25,'16','NUEVA ESPARTA');
/*!40000 ALTER TABLE `estados` ENABLE KEYS */;


--
-- Definition of table `evaluacion`
--

DROP TABLE IF EXISTS `evaluacion`;
CREATE TABLE `evaluacion` (
  `id` int(10) unsigned NOT NULL AUTO_INCREMENT,
  `idProveedor` int(10) unsigned NOT NULL,
  `fecha` timestamp NOT NULL DEFAULT current_timestamp() ON UPDATE current_timestamp(),
  `solicitud_categoria` int(10) unsigned NOT NULL,
  `rif` varchar(10) NOT NULL,
  `idCompany` int(10) unsigned NOT NULL,
  `condiciones_pago` int(10) unsigned NOT NULL,
  `negociaciones` int(10) unsigned NOT NULL,
  `tiempo_entrega` int(10) unsigned NOT NULL,
  `calidad` int(10) unsigned NOT NULL,
  `garantia` int(10) unsigned NOT NULL,
  `soporte` int(10) unsigned NOT NULL,
  `puntuacion` double NOT NULL,
  PRIMARY KEY (`id`)
) ENGINE=InnoDB AUTO_INCREMENT=79 DEFAULT CHARSET=utf8mb4;

--
-- Dumping data for table `evaluacion`
--

/*!40000 ALTER TABLE `evaluacion` DISABLE KEYS */;
INSERT INTO `evaluacion` (`id`,`idProveedor`,`fecha`,`solicitud_categoria`,`rif`,`idCompany`,`condiciones_pago`,`negociaciones`,`tiempo_entrega`,`calidad`,`garantia`,`soporte`,`puntuacion`) VALUES 
 (67,19362,'2023-07-11 13:31:54',108,'J-23232323',19335,5,5,5,1,5,5,26),
 (76,19362,'2023-08-02 16:35:39',119,'J-23232323',19335,4,2,3,1,5,5,20),
 (78,19362,'2023-08-04 13:31:50',120,'J316732316',19362,3,3,3,2,0,0,11);
/*!40000 ALTER TABLE `evaluacion` ENABLE KEYS */;


--
-- Definition of table `formulas`
--

DROP TABLE IF EXISTS `formulas`;
CREATE TABLE `formulas` (
  `id` int(10) unsigned NOT NULL AUTO_INCREMENT,
  `rif` varchar(20) NOT NULL DEFAULT '',
  `marca` int(10) unsigned NOT NULL DEFAULT 0,
  `tipo_empresa` int(10) unsigned NOT NULL DEFAULT 0,
  `categoria` int(10) unsigned NOT NULL DEFAULT 0,
  `subcategoria` int(10) unsigned NOT NULL DEFAULT 0,
  `sector` int(10) unsigned NOT NULL DEFAULT 0,
  `grupo` int(10) unsigned NOT NULL DEFAULT 0,
  `preferencia` varchar(20) NOT NULL DEFAULT '0' COMMENT '1:mara, 2:pais',
  `estado` int(10) unsigned NOT NULL DEFAULT 0,
  `ciudad` int(10) unsigned NOT NULL DEFAULT 0,
  `idCompany` int(10) unsigned NOT NULL DEFAULT 0,
  `soporte_internet` varchar(20) NOT NULL DEFAULT ' ' COMMENT 'web, redes',
  `verificacion_proveedor` varchar(20) NOT NULL DEFAULT ' ' COMMENT 'mg, tercero,  pendiente',
  `idusuario` int(10) unsigned NOT NULL DEFAULT 0,
  `etiqueta` varchar(80) NOT NULL DEFAULT ' ',
  `pais_origen` int(10) unsigned NOT NULL DEFAULT 0,
  PRIMARY KEY (`id`)
) ENGINE=InnoDB AUTO_INCREMENT=112 DEFAULT CHARSET=utf8mb4 COMMENT='formula de busquedas';

--
-- Dumping data for table `formulas`
--

/*!40000 ALTER TABLE `formulas` DISABLE KEYS */;
INSERT INTO `formulas` (`id`,`rif`,`marca`,`tipo_empresa`,`categoria`,`subcategoria`,`sector`,`grupo`,`preferencia`,`estado`,`ciudad`,`idCompany`,`soporte_internet`,`verificacion_proveedor`,`idusuario`,`etiqueta`,`pais_origen`) VALUES 
 (106,'',79,3,1,1,130,15,'marca',0,0,0,' ',' ',11,'filtro uno',0),
 (108,'',79,1,1,1,131,15,'marca',7,114,0,' ',' ',11,'filtro dos',0),
 (109,'',77,0,1,1,0,11,'marca',0,0,0,' ',' ',11,'',0),
 (111,'J-0414484067',0,0,1,1,0,11,'marca',0,0,19362,' ',' ',11,'carlosperaza',0);
/*!40000 ALTER TABLE `formulas` ENABLE KEYS */;


--
-- Definition of table `operacion`
--

DROP TABLE IF EXISTS `operacion`;
CREATE TABLE `operacion` (
  `Ope_id` int(8) NOT NULL AUTO_INCREMENT,
  `Ope_Fecha` date NOT NULL,
  `Ope_Venta` int(11) DEFAULT NULL,
  PRIMARY KEY (`Ope_id`)
) ENGINE=InnoDB AUTO_INCREMENT=17 DEFAULT CHARSET=latin1;

--
-- Dumping data for table `operacion`
--

/*!40000 ALTER TABLE `operacion` DISABLE KEYS */;
/*!40000 ALTER TABLE `operacion` ENABLE KEYS */;


--
-- Definition of table `pagocomisiones`
--

DROP TABLE IF EXISTS `pagocomisiones`;
CREATE TABLE `pagocomisiones` (
  `id` int(10) unsigned NOT NULL AUTO_INCREMENT,
  `company_padre` int(10) unsigned NOT NULL,
  `periodo` date NOT NULL,
  `codigo` int(10) unsigned NOT NULL,
  `comision` int(10) unsigned NOT NULL DEFAULT 0,
  `pendiente` decimal(10,2) NOT NULL DEFAULT 0.00,
  `saldo_com` decimal(10,2) NOT NULL DEFAULT 0.00,
  `saldo_pen` decimal(10,2) NOT NULL DEFAULT 0.00,
  `descrip` varchar(45) COLLATE utf8_spanish_ci NOT NULL DEFAULT ' ',
  `totalComision` decimal(10,2) NOT NULL DEFAULT 0.00,
  PRIMARY KEY (`id`)
) ENGINE=InnoDB AUTO_INCREMENT=59415 DEFAULT CHARSET=utf8 COLLATE=utf8_spanish_ci;

--
-- Dumping data for table `pagocomisiones`
--

/*!40000 ALTER TABLE `pagocomisiones` DISABLE KEYS */;
/*!40000 ALTER TABLE `pagocomisiones` ENABLE KEYS */;


--
-- Definition of table `permisos`
--

DROP TABLE IF EXISTS `permisos`;
CREATE TABLE `permisos` (
  `id` int(11) NOT NULL AUTO_INCREMENT,
  `nombre` varchar(30) NOT NULL,
  `secuencia` int(10) unsigned NOT NULL DEFAULT 0,
  PRIMARY KEY (`id`)
) ENGINE=InnoDB AUTO_INCREMENT=13 DEFAULT CHARSET=utf8mb4;

--
-- Dumping data for table `permisos`
--

/*!40000 ALTER TABLE `permisos` DISABLE KEYS */;
INSERT INTO `permisos` (`id`,`nombre`,`secuencia`) VALUES 
 (1,'configuración',7),
 (2,'usuarios',6),
 (3,'usuarios colmena',5),
 (4,'productos',4),
 (5,'cierre ventas',3),
 (6,'nuevas ventas',1),
 (7,'ventas por APP',2),
 (8,'requisiciones',8),
 (9,'consulta requisiciones',9),
 (10,'distribuidores',10),
 (11,'patrocinadores',11),
 (12,'puntos de apoyo',12);
/*!40000 ALTER TABLE `permisos` ENABLE KEYS */;


--
-- Definition of table `product_details`
--

DROP TABLE IF EXISTS `product_details`;
CREATE TABLE `product_details` (
  `id` int(20) NOT NULL AUTO_INCREMENT,
  `name` varchar(120) NOT NULL,
  `brand` varchar(100) NOT NULL,
  `price` decimal(8,2) NOT NULL,
  `ram` char(5) NOT NULL,
  `storage` varchar(50) NOT NULL,
  `camera` varchar(20) NOT NULL,
  `image` varchar(100) NOT NULL,
  `quantity` mediumint(5) NOT NULL,
  `status` enum('0','1') NOT NULL COMMENT '0-active,1-inactive',
  PRIMARY KEY (`id`)
) ENGINE=MyISAM AUTO_INCREMENT=15 DEFAULT CHARSET=utf8;

--
-- Dumping data for table `product_details`
--

/*!40000 ALTER TABLE `product_details` DISABLE KEYS */;
INSERT INTO `product_details` (`id`,`name`,`brand`,`price`,`ram`,`storage`,`camera`,`image`,`quantity`,`status`) VALUES 
 (1,'Honor 9 Lite (Sapphire Black, 64 GB)  (4 GB RAM)','Honor','14499.00','4','64','13','1.png',10,'1'),
 (2,'Infinix (Sandstone Blue, 32 GB)  (3 GB RAM)','Infinix','8999.00','3','32','13','image-2.jpeg',10,'1'),
 (3,'VIVO V8 Youth (Black, 32 GB)  (4 GB RAM)','VIVO','16990.00','4','32','16','image-3.jpeg',10,'1'),
 (4,'Moto (Gold, 32 GB)  (3 GB RAM)','Moto','11499.00','3','32','8','image-4.jpeg',10,'1'),
 (5,'Lenovo (Venom Black, 32 GB)  (3 GB RAM)','Lenevo','8999.00','3','32','13','image-5.jpg',10,'1'),
 (6,'Samsung Galaxy (Gold, 16 GB)  (3 GB RAM)','Samsung','11990.00','3','16','13','image-6.jpeg',10,'1'),
 (7,'Moto Plus (Pearl White, 16 GB)  (2 GB RAM)','Moto','8799.00','2','16','8','image-7.jpeg',10,'1'),
 (8,'Panasonic (White, 16 GB)  (1 GB RAM)','Panasonic','6999.00','1','16','8','image-8.jpeg',10,'1'),
 (9,'OPPO (Black, 64 GB)  (6 GB RAM)','OPPO','18990.00','6','64','16','image-9.jpeg',10,'1'),
 (10,'Honor 7 (Gold, 32 GB)  (3 GB RAM)','Honor','9999.00','3','32','13','image-10.jpeg',10,'1'),
 (11,'Asus ZenFone (Midnight Blue, 64 GB)  (6 GB RAM)','Asus','27999.00','6','128','12','image-12.jpeg',10,'1'),
 (12,'Redmi 5A (Gold, 32 GB)  (3 GB RAM)','MI','5999.00','3','32','13','image-12.jpeg',10,'1'),
 (13,'Intex (Black, 16 GB)  (2 GB RAM)','Intex','5999.00','2','16','8','image-13.jpeg',10,'1'),
 (14,'Google Pixel (18:9 Display, 64 GB) White','Google','62990.00','4','64','12','image-14.jpeg',10,'1');
/*!40000 ALTER TABLE `product_details` ENABLE KEYS */;


--
-- Definition of table `producto`
--

DROP TABLE IF EXISTS `producto`;
CREATE TABLE `producto` (
  `codproducto` int(11) NOT NULL AUTO_INCREMENT,
  `codigo` varchar(20) CHARACTER SET utf8 COLLATE utf8_spanish_ci NOT NULL,
  `descripcion` varchar(200) CHARACTER SET utf8 COLLATE utf8_spanish_ci NOT NULL,
  `precio` decimal(10,2) NOT NULL,
  `existencia` int(11) NOT NULL,
  `usuario_id` int(11) NOT NULL,
  `estado` int(11) NOT NULL DEFAULT 1,
  `company_id` int(10) unsigned NOT NULL DEFAULT 0,
  `fecha_proceso` date NOT NULL,
  `epi` varchar(45) CHARACTER SET utf8 COLLATE utf8_spanish_ci NOT NULL DEFAULT '0',
  PRIMARY KEY (`codproducto`)
) ENGINE=InnoDB AUTO_INCREMENT=11 DEFAULT CHARSET=utf8;

--
-- Dumping data for table `producto`
--

/*!40000 ALTER TABLE `producto` DISABLE KEYS */;
INSERT INTO `producto` (`codproducto`,`codigo`,`descripcion`,`precio`,`existencia`,`usuario_id`,`estado`,`company_id`,`fecha_proceso`,`epi`) VALUES 
 (2,'01','VIGOR SOLAR','5.00',79,1,1,16358,'2023-03-12','01'),
 (3,'02','EXFOLIANTE ESTELAR','5.00',100,1,1,16358,'0000-00-00','02'),
 (4,'03','LINFA SANDALO','6.00',82,1,1,16358,'2022-11-19','03'),
 (5,'04','REGENERATUM SABILA','5.00',100,1,1,16358,'0000-00-00','04'),
 (6,'05','MOMEMTUM SHAI','5.00',85,1,1,16358,'2022-12-24','05'),
 (9,'03','LINFA SANDALO','5.00',6,1,1,16362,'2022-11-19','03'),
 (10,'01','VIGOR SOLAR','5.00',6,1,1,16360,'2023-03-12','01');
/*!40000 ALTER TABLE `producto` ENABLE KEYS */;


--
-- Definition of table `proveedor_favoritos`
--

DROP TABLE IF EXISTS `proveedor_favoritos`;
CREATE TABLE `proveedor_favoritos` (
  `id` int(10) unsigned NOT NULL AUTO_INCREMENT,
  `idProveedor` int(10) unsigned NOT NULL DEFAULT 0,
  `favorito` int(10) DEFAULT NULL COMMENT 'favorito:1, No:0',
  `idusuario` int(10) unsigned NOT NULL DEFAULT 0,
  `idCompany` int(10) unsigned NOT NULL DEFAULT 0,
  PRIMARY KEY (`id`)
) ENGINE=InnoDB AUTO_INCREMENT=61 DEFAULT CHARSET=utf8mb4 COMMENT='favoritos - proveedores';

--
-- Dumping data for table `proveedor_favoritos`
--

/*!40000 ALTER TABLE `proveedor_favoritos` DISABLE KEYS */;
INSERT INTO `proveedor_favoritos` (`id`,`idProveedor`,`favorito`,`idusuario`,`idCompany`) VALUES 
 (58,19362,0,11,0),
 (59,19354,1,11,0),
 (60,19362,1,8,19362);
/*!40000 ALTER TABLE `proveedor_favoritos` ENABLE KEYS */;


--
-- Definition of table `proveedor_marcas`
--

DROP TABLE IF EXISTS `proveedor_marcas`;
CREATE TABLE `proveedor_marcas` (
  `id` int(10) unsigned NOT NULL AUTO_INCREMENT,
  `rif` varchar(20) NOT NULL DEFAULT '',
  `marca` int(10) unsigned NOT NULL DEFAULT 0,
  `tipo_empresa` int(10) unsigned NOT NULL DEFAULT 0,
  `categoria` int(10) unsigned NOT NULL DEFAULT 0,
  `subcategoria` int(10) unsigned NOT NULL DEFAULT 0,
  `documento` text NOT NULL DEFAULT '',
  `idCompany` int(10) unsigned NOT NULL DEFAULT 0,
  `imagen` varchar(255) NOT NULL DEFAULT '',
  `grupo` int(10) unsigned NOT NULL DEFAULT 0,
  PRIMARY KEY (`id`)
) ENGINE=InnoDB AUTO_INCREMENT=85 DEFAULT CHARSET=utf8mb4 COMMENT='proveeddor - marcas - catefgorias';

--
-- Dumping data for table `proveedor_marcas`
--

/*!40000 ALTER TABLE `proveedor_marcas` DISABLE KEYS */;
INSERT INTO `proveedor_marcas` (`id`,`rif`,`marca`,`tipo_empresa`,`categoria`,`subcategoria`,`documento`,`idCompany`,`imagen`,`grupo`) VALUES 
 (5,'J-304890934-0',77,2,1,1,'',0,'',0),
 (9,'J-304890934-0',87,2,1,1,'',0,'',0),
 (10,'J-304890934-0',87,2,1,2,'',0,'',0),
 (24,'J-23423422-9',128,2,1,1,'',0,'',0),
 (25,'J-23423422-9',77,2,1,1,'',0,'',0),
 (26,'J-23423422-9',77,2,1,2,'',0,'',0),
 (27,'J-23423422-9',77,2,1,3,'',0,'',0),
 (28,'J-23423422-9',128,3,1,3,'',0,'',0),
 (29,'J-23423422-9',87,3,1,2,'',0,'',0),
 (30,'J-23423422-9',87,3,1,3,'',0,'',0),
 (35,'J-0414484067',79,2,1,1,'',0,'',0),
 (36,'J-0414484067',77,2,1,2,'',0,'',0),
 (37,'J-0414484067',83,2,1,3,'',0,'',0),
 (51,'J-22222222-9',83,1,1,1,'',0,'',0),
 (52,'J-22222222-9',83,1,1,2,'',0,'',0),
 (53,'J-22222222-9',83,1,1,3,'',0,'',0),
 (54,'J-22222222-9',77,2,1,1,'',0,'',0),
 (58,'J-0414484067',77,2,1,1,'',0,'754908_9a6761c44f810eff2555a82d77432366.jpg',0),
 (65,'J-0414484067',87,2,1,2,'',0,'',0),
 (66,'J-0414484067',87,2,1,1,'',0,'',0),
 (67,'J-0414484067',87,2,1,3,'',0,'',0),
 (73,'J316732630',77,3,1,1,'',19362,'',2),
 (75,'J316732630',77,3,1,1,'',19362,'',1),
 (76,'J316732630',77,3,1,1,'',19362,'',2),
 (77,'J316732630',77,2,1,3,'',0,'',0),
 (78,'J316732630',79,3,1,1,'',19362,'',14),
 (79,'J316732630',79,3,1,1,'',19362,'',16),
 (80,'J316732630',79,3,1,1,'',19362,'',15),
 (81,'J316732630',81,2,1,3,'',0,'',0),
 (82,'J-3453453354',77,3,1,3,'',0,'',0),
 (83,'J-3453453354',77,3,1,7,'',0,'',0),
 (84,'J-3453453354',77,3,1,5,'',0,'',0);
/*!40000 ALTER TABLE `proveedor_marcas` ENABLE KEYS */;


--
-- Definition of table `proveedor_revisiones`
--

DROP TABLE IF EXISTS `proveedor_revisiones`;
CREATE TABLE `proveedor_revisiones` (
  `id` int(10) unsigned NOT NULL AUTO_INCREMENT,
  `idProveedor` int(10) unsigned NOT NULL DEFAULT 0,
  `tipo` varchar(1) DEFAULT NULL COMMENT 'Pendiente,Aprobado',
  `revisor` varchar(80) DEFAULT NULL,
  PRIMARY KEY (`id`)
) ENGINE=InnoDB AUTO_INCREMENT=59 DEFAULT CHARSET=utf8mb4 COMMENT='revisiones - proveedores';

--
-- Dumping data for table `proveedor_revisiones`
--

/*!40000 ALTER TABLE `proveedor_revisiones` DISABLE KEYS */;
INSERT INTO `proveedor_revisiones` (`id`,`idProveedor`,`tipo`,`revisor`) VALUES 
 (57,19362,'A','mg'),
 (58,19354,'A','mg');
/*!40000 ALTER TABLE `proveedor_revisiones` ENABLE KEYS */;


--
-- Definition of table `proveedor_sectores`
--

DROP TABLE IF EXISTS `proveedor_sectores`;
CREATE TABLE `proveedor_sectores` (
  `id` int(10) unsigned NOT NULL AUTO_INCREMENT,
  `idProveedor` int(10) unsigned NOT NULL DEFAULT 0,
  `sector` int(10) unsigned NOT NULL DEFAULT 0,
  `porcentaje` int(10) unsigned NOT NULL DEFAULT 0,
  PRIMARY KEY (`id`)
) ENGINE=InnoDB AUTO_INCREMENT=58 DEFAULT CHARSET=utf8mb4 COMMENT='proveeddor - sectores';

--
-- Dumping data for table `proveedor_sectores`
--

/*!40000 ALTER TABLE `proveedor_sectores` DISABLE KEYS */;
INSERT INTO `proveedor_sectores` (`id`,`idProveedor`,`sector`,`porcentaje`) VALUES 
 (49,19362,131,80),
 (55,19362,130,20),
 (56,19354,131,50),
 (57,19354,131,50);
/*!40000 ALTER TABLE `proveedor_sectores` ENABLE KEYS */;


--
-- Definition of table `proveedores`
--

DROP TABLE IF EXISTS `proveedores`;
CREATE TABLE `proveedores` (
  `id` int(10) unsigned NOT NULL AUTO_INCREMENT,
  `numero_rif` varchar(20) NOT NULL DEFAULT '0',
  `razon_social` varchar(120) NOT NULL DEFAULT '0',
  `email_empresa` varchar(120) NOT NULL DEFAULT '0',
  `telefono_empresa` varchar(20) NOT NULL DEFAULT '0',
  `direccion_empresa` text NOT NULL DEFAULT ' ',
  `pais` varchar(2) NOT NULL DEFAULT 'VE',
  `state` int(10) unsigned NOT NULL DEFAULT 0,
  `ciudad` int(10) unsigned NOT NULL DEFAULT 0,
  `tipo_infraestructura` int(10) unsigned NOT NULL DEFAULT 0,
  `area_trabajo` int(10) unsigned NOT NULL DEFAULT 0,
  `sector_industrial` int(10) unsigned NOT NULL DEFAULT 0,
  `tipo_organizacion` int(10) unsigned NOT NULL DEFAULT 0,
  `tipo_infraestructura_otro` varchar(255) NOT NULL DEFAULT ' ',
  `area_trabajo_otro` varchar(255) NOT NULL DEFAULT ' ',
  `sector_industrial_otro` varchar(255) NOT NULL DEFAULT ' ',
  `pertenece_camara` varchar(255) NOT NULL DEFAULT ' ',
  `contacto_nombre` varchar(120) NOT NULL DEFAULT ' ',
  `contacto_email` varchar(120) NOT NULL DEFAULT ' ',
  `contacto_telefono` varchar(45) NOT NULL DEFAULT ' ',
  `admin_nombre` varchar(120) NOT NULL DEFAULT ' ',
  `admin_cargo` varchar(120) NOT NULL DEFAULT '',
  `admin_email` varchar(120) NOT NULL DEFAULT '',
  `admin_telefono` varchar(45) NOT NULL DEFAULT '',
  `estado` int(10) unsigned NOT NULL DEFAULT 0,
  `tipo_organizacion_otro` varchar(255) NOT NULL DEFAULT '',
  `comentario` text NOT NULL DEFAULT '',
  `fase` int(10) unsigned NOT NULL DEFAULT 0,
  `proveedor_web` varchar(255) NOT NULL DEFAULT 'http://',
  `instagram` varchar(255) NOT NULL DEFAULT 'http://',
  `facebook` varchar(255) NOT NULL DEFAULT 'http://',
  `twitter` varchar(255) NOT NULL DEFAULT 'http://',
  `linkedin` varchar(255) NOT NULL DEFAULT 'http://',
  `youtube` varchar(255) NOT NULL DEFAULT 'http://',
  `tiktok` varchar(255) NOT NULL DEFAULT 'http://',
  `rango1_trabajadores` int(10) unsigned NOT NULL DEFAULT 1,
  `rango2_trabajadores` int(10) unsigned NOT NULL DEFAULT 5,
  `cantidad_clientes` int(10) unsigned NOT NULL DEFAULT 1,
  `condiciones_pago` varchar(20) NOT NULL DEFAULT 'conrtado' COMMENT 'credit y contado',
  `garantia` tinyint(1) NOT NULL DEFAULT 1,
  `servicio_postventa` tinyint(1) NOT NULL DEFAULT 1,
  `logo_imagen` varchar(255) NOT NULL DEFAULT '0',
  `latitude` double NOT NULL DEFAULT 0,
  `longitude` double NOT NULL DEFAULT 0,
  `rif_imagen` varchar(255) NOT NULL DEFAULT ' ',
  `codigo` int(10) unsigned NOT NULL DEFAULT 0,
  `contrato` int(10) unsigned NOT NULL DEFAULT 0,
  `fecha_contrato` date DEFAULT NULL,
  `ref_rif` varchar(10) NOT NULL DEFAULT 'J',
  `ref_razon_social` varchar(45) NOT NULL DEFAULT ' ',
  `ref_email` varchar(45) NOT NULL DEFAULT ' ',
  `ref_telefono` varchar(45) NOT NULL DEFAULT ' ',
  `ref2_rif` varchar(10) NOT NULL DEFAULT ' ',
  `ref2_razon_social` varchar(45) NOT NULL DEFAULT ' ',
  `ref2_email` varchar(45) NOT NULL DEFAULT ' ',
  `ref2_telefono` varchar(45) NOT NULL DEFAULT ' ',
  `verificado` tinyint(1) NOT NULL DEFAULT 0 COMMENT '0:no verificado,1:-general, 2-certificado',
  `plan` varchar(1) NOT NULL DEFAULT 'B' COMMENT '''B'':asico ''A'':avanzado ''C'':CIEC',
  PRIMARY KEY (`id`)
) ENGINE=InnoDB AUTO_INCREMENT=19368 DEFAULT CHARSET=utf8 COMMENT='Proveedores del SPA';

--
-- Dumping data for table `proveedores`
--

/*!40000 ALTER TABLE `proveedores` DISABLE KEYS */;
INSERT INTO `proveedores` (`id`,`numero_rif`,`razon_social`,`email_empresa`,`telefono_empresa`,`direccion_empresa`,`pais`,`state`,`ciudad`,`tipo_infraestructura`,`area_trabajo`,`sector_industrial`,`tipo_organizacion`,`tipo_infraestructura_otro`,`area_trabajo_otro`,`sector_industrial_otro`,`pertenece_camara`,`contacto_nombre`,`contacto_email`,`contacto_telefono`,`admin_nombre`,`admin_cargo`,`admin_email`,`admin_telefono`,`estado`,`tipo_organizacion_otro`,`comentario`,`fase`,`proveedor_web`,`instagram`,`facebook`,`twitter`,`linkedin`,`youtube`,`tiktok`,`rango1_trabajadores`,`rango2_trabajadores`,`cantidad_clientes`,`condiciones_pago`,`garantia`,`servicio_postventa`,`logo_imagen`,`latitude`,`longitude`,`rif_imagen`,`codigo`,`contrato`,`fecha_contrato`,`ref_rif`,`ref_razon_social`,`ref_email`,`ref_telefono`,`ref2_rif`,`ref2_razon_social`,`ref2_email`,`ref2_telefono`,`verificado`,`plan`) VALUES 
 (19337,'J-23423422-9','Import Import, c.a.','grupomimesa@gmail.com','0414-23004003','Residencias LAs Trinitarias torre 9 Planta Baja Apto PBB\r\nCiudad Alianza','VE',7,114,27,35,12,24,'','','','0','Lucio de Fuentes','luciodefuentes@gmail.com','0414-4423006','Carlos Peraza','Presidente','cpdigitalsolution@yahoo.com.ve','04144840676',1,'','Una breve explicacion',1,'http://ciudadhive.com','http://ciudadhive.com','http://ciudadhive.com','http://ciudadhive.com','http://ciudadhive.com','http://ciudadhive.com','http://ciudadhive.com',1,5,1,'conrtado',1,1,'importimport.png',0,0,'servicio-de-auto.png',0,145484,'2024-08-22','J',' ',' ',' ',' ',' ',' ',' ',0,'B'),
 (19354,'J-304890934-0','Suministros Atlas, c.a.','cpdigitalsolution@yahoo.com.ve','04144840676','Residencias LAs Trinitarias torre 9 Planta Baja Apto PBB\r\nCiudad Alianza','VE',7,114,31,37,9,24,'','','','0','Carlos Peraza','cpdigitalsolution@yahoo.com.ve','04144840676','Carlos Peraza','Presidente','cpdigitalsolution@yahoo.com.ve','04144840676',1,'','Una breve explicacion',1,'http://','http://','http://','http://','http://','http://','http://',1,5,1,'conrtado',1,1,'suministrosAtlas.png',0,0,'servicio-de-auto.png',0,119354,'2024-08-22','J',' ',' ',' ',' ',' ',' ',' ',0,'A'),
 (19362,'J316732630','Elecsa, c.a.','cpdigitalsolution@yahoo.com.ve','04144840676','Residencias LAs Trinitarias torre 9 Planta Baja Apto PBB\r\nCiudad Alianza Colombia','VE',7,114,31,36,19,26,'','','','162','Pedro Azuaje','josegomez@gmail.com','04124560079','Carlos Peraza','Presidente','josegomez@gmail.com','04124560079',1,'','con comentarios',1,'http://ciudadhive.com','https://www.instagram.com/ciudadhive/?hl=es','https://www.facebook.com/lacolmenave/','https://twitter.com/ciudadhive/status/1467546874404028425','https://ve.linkedin.com/in/carlos-peraza-8046a731','https://www.youtube.com/channel/UCGYw9UA-pvzcO2Iu358Ohpw','http://ciudadhive.com',5,50,10,'credito',1,1,'elecsa.png',0,0,'p32.jpg',0,14527,'2024-08-22','J34535345','wilson','wilson@gmail.com','04248754213','J45645645','nike','nike@gmail.com','0424548745',0,'C'),
 (19363,'V-22222222-9','empresa inc.','cpdigitalsolution@yahoo.com.ve','04144840676','Residencias LAs Trinitarias torre 9 Planta Baja Apto PBB\r\nCiudad Alianza','VE',7,114,31,36,6,26,'','','','0','Carlos Peraza','cpdigitalsolution@yahoo.com.ve','04144840676','Oswaldo Sarquis','Presidente','josegomez@gmail.com','04124560079',0,'','proveedor de prueba',1,'http://','http://','http://','http://','http://','http://','http://',1,5,1,'conrtado',1,1,'0',0,0,' ',0,0,'2024-08-22','J',' ',' ',' ',' ',' ',' ',' ',0,'B'),
 (19364,'J4564564564','Severino enterprise','carlosperazavz@hotmail.com','041477445521','residencias las trinitarias','VE',7,114,31,36,76,24,'','','','0','Severino','carlosperazavz@hotmail.com','041477445521','Carlos Severino ','director','carlosperazavz@hotmail.com','0414552214',0,'','sin informacion',1,'http://severino.com','http://severino.com','http://severino.com','http://severino.com','http://severino.com','http://severino.com','http://severino.com',1,5,1,'conrtado',1,1,'0',0,0,' ',0,0,'2024-08-22','J',' ',' ',' ',' ',' ',' ',' ',0,'B'),
 (19366,'J123123123','Empresas Santiago, c.a.','santiago@gmail.com','04245487541','la direccion sde siempre','VE',7,114,31,36,76,22,'','','','0','Santiago Feliz','santiagoFeliz@gmail.com','04148754215','Santiago Romero','Presidente','santiago@gmail.com','04248754125',1,'',' ',1,'http://','http://','http://','http://','http://','http://','http://',1,5,1,'conrtado',1,1,'0',0,0,' ',0,0,'2024-08-22','J34535345','wilson ca','wilson@gmail.com','04248754213','J45645645','nike ca','nike@gmail.com','0424548745',0,'B'),
 (19367,'J-3453453354','Empresas Porfi Baloa','porfibalora@gmail.com','0422545587','sin dierccion','VE',7,127,31,36,9,25,'','','','0','PorfiriomTorres','porfi@gmail.com','04121112121','Porfi Jimenez','Director','porfijimenez@gmail.com','0414878787',1,'','sin explicacion',1,'#','#','#','#','#','#','#',1,5,1,'conrtado',1,1,'0',0,0,' ',0,0,'2024-08-22','J345345345','Empresa','empresa@gmail.com','041454545454','J456456456','Empresa2','empresa2@gmail.com','0345083459',0,'B');
/*!40000 ALTER TABLE `proveedores` ENABLE KEYS */;


--
-- Definition of table `servicios_proveedor`
--

DROP TABLE IF EXISTS `servicios_proveedor`;
CREATE TABLE `servicios_proveedor` (
  `id` int(11) NOT NULL AUTO_INCREMENT COMMENT 'per_id',
  `tipo_servicio` int(10) unsigned NOT NULL DEFAULT 0 COMMENT 'nombres',
  `comentario` text COLLATE utf8mb4_unicode_ci NOT NULL DEFAULT '' COMMENT 'apellidos',
  `rif` varchar(100) COLLATE utf8mb4_unicode_ci NOT NULL DEFAULT '' COMMENT 'pais',
  `programas` text COLLATE utf8mb4_unicode_ci NOT NULL DEFAULT '' COMMENT 'programas',
  PRIMARY KEY (`id`)
) ENGINE=InnoDB AUTO_INCREMENT=33 DEFAULT CHARSET=utf8mb4 COLLATE=utf8mb4_unicode_ci COMMENT='Tabla personal';

--
-- Dumping data for table `servicios_proveedor`
--

/*!40000 ALTER TABLE `servicios_proveedor` DISABLE KEYS */;
INSERT INTO `servicios_proveedor` (`id`,`tipo_servicio`,`comentario`,`rif`,`programas`) VALUES 
 (19,5,'sin comentarios','J-304890934-0','dan Cursos, hacen Talleres, dan Asesorías, dan Consultorías, emiten Certificaciones, otorgan Permisología'),
 (20,6,'otro comwentario','J-304890934-0','Mantenimiento Correctivo, Mantenimiento Preventivo, Mantenimiento Predictivo, Construcción, Reparaciones, Proyectos Llave en mano, Básicos, Limpieza, Vigilancia, Otro'),
 (25,5,'esta prueba es la unica','J-23423422-9','dan Cursos, hacen Talleres, dan Asesorías'),
 (26,6,'segunda prueba unica','J-23423422-9','Construcción, Reparaciones, Proyectos Llave en mano'),
 (27,5,'fh fghfg fgh','0','dan Cursos, hacen Talleres, dan Asesorías, dan Consultorías'),
 (28,6,'ssdfsfssdsdf','0','Mantenimiento Predictivo, Construcción, Proyectos Llave en mano, Vigilancia'),
 (29,5,'esta es ua prueba mas','J-0414484067','dan Cursos, hacen Talleres, dan Asesorías, dan Consultorías'),
 (30,6,'otra mas y ya','J-0414484067','Proyectos Llave en mano, Básicos, Limpieza'),
 (31,5,'esto es un a prueba','J-22222222-9','dan Cursos, hacen Talleres, dan Asesorías'),
 (32,6,'otra prueba mas','J-22222222-9','Mantenimiento Correctivo, Mantenimiento Preventivo, Construcción');
/*!40000 ALTER TABLE `servicios_proveedor` ENABLE KEYS */;


--
-- Definition of table `solicitud_categorias`
--

DROP TABLE IF EXISTS `solicitud_categorias`;
CREATE TABLE `solicitud_categorias` (
  `id` int(10) unsigned NOT NULL AUTO_INCREMENT,
  `rif` varchar(20) NOT NULL COMMENT 'rif de la empresa',
  `categoria` int(10) unsigned NOT NULL DEFAULT 0 COMMENT '1..n categorias',
  `idCompany` int(10) unsigned NOT NULL DEFAULT 0 COMMENT 'id del proveedor',
  `date` timestamp NOT NULL DEFAULT current_timestamp() ON UPDATE current_timestamp(),
  `estatus` int(10) unsigned NOT NULL DEFAULT 0,
  `fecha_respuesta` datetime NOT NULL,
  `puntuacion` double NOT NULL DEFAULT 0,
  `enviado` int(10) unsigned NOT NULL DEFAULT 0 COMMENT '1:si, 0:no',
  PRIMARY KEY (`id`)
) ENGINE=InnoDB AUTO_INCREMENT=121 DEFAULT CHARSET=utf8mb4 COMMENT='categorias del proveedor por solicitud';

--
-- Dumping data for table `solicitud_categorias`
--

/*!40000 ALTER TABLE `solicitud_categorias` DISABLE KEYS */;
INSERT INTO `solicitud_categorias` (`id`,`rif`,`categoria`,`idCompany`,`date`,`estatus`,`fecha_respuesta`,`puntuacion`,`enviado`) VALUES 
 (94,'J1234567890',1,19362,'2023-08-03 12:57:27',0,'0000-00-00 00:00:00',0,1),
 (95,'J-234989823-0',1,19362,'2023-08-03 13:03:13',0,'0000-00-00 00:00:00',0,0),
 (118,'J-316732630',1,19362,'2023-08-03 12:57:27',0,'0000-00-00 00:00:00',0,1),
 (119,'J-23232323-8',1,19362,'2023-08-02 16:16:34',1,'2023-08-02 00:00:00',20,0),
 (120,'J316732316',1,19362,'2023-08-04 13:23:15',1,'2023-08-04 00:00:00',0,0);
/*!40000 ALTER TABLE `solicitud_categorias` ENABLE KEYS */;


--
-- Definition of table `tabla_contactos`
--

DROP TABLE IF EXISTS `tabla_contactos`;
CREATE TABLE `tabla_contactos` (
  `id` int(10) unsigned NOT NULL AUTO_INCREMENT,
  `date` timestamp NOT NULL DEFAULT current_timestamp() ON UPDATE current_timestamp(),
  `usuario` varchar(45) NOT NULL DEFAULT '0',
  `telefono` varchar(45) NOT NULL DEFAULT ' ',
  `email` varchar(45) NOT NULL DEFAULT ' ',
  `empresa` varchar(45) NOT NULL DEFAULT ' ',
  `pais` varchar(5) NOT NULL DEFAULT 'VE',
  `estado` varchar(5) NOT NULL DEFAULT ' ',
  `ciudad` varchar(5) NOT NULL DEFAULT ' ',
  `asunto` int(10) unsigned NOT NULL DEFAULT 0,
  `comentario` text NOT NULL DEFAULT '',
  `direccion` varchar(255) NOT NULL DEFAULT ' ',
  `website` varchar(255) NOT NULL DEFAULT 'https://',
  `companyEnvia` int(10) unsigned NOT NULL DEFAULT 0,
  `companyDestino` int(10) unsigned NOT NULL DEFAULT 0,
  `rifEnvia` varchar(20) NOT NULL DEFAULT ' ',
  `rifDestino` varchar(20) NOT NULL DEFAULT ' ',
  `estatus` int(10) unsigned NOT NULL DEFAULT 0 COMMENT 'marcar como 0:pendiente, 1:leido',
  `solicitud_categoria` int(10) unsigned NOT NULL DEFAULT 0,
  PRIMARY KEY (`id`)
) ENGINE=InnoDB AUTO_INCREMENT=129 DEFAULT CHARSET=utf8mb4 COMMENT='SPA-contactos por pantalla';

--
-- Dumping data for table `tabla_contactos`
--

/*!40000 ALTER TABLE `tabla_contactos` DISABLE KEYS */;
INSERT INTO `tabla_contactos` (`id`,`date`,`usuario`,`telefono`,`email`,`empresa`,`pais`,`estado`,`ciudad`,`asunto`,`comentario`,`direccion`,`website`,`companyEnvia`,`companyDestino`,`rifEnvia`,`rifDestino`,`estatus`,`solicitud_categoria`) VALUES 
 (61,'2023-07-11 18:16:25','cusea',' ',' ','CARMEN USEA','VE',' ',' ',11,'Respuesta por evaluación de solicitud de recomendacion #108 del proveedor #J-23232323-8',' ','https://',19335,19362,'J-23232323-8',' ',1,108),
 (64,'2023-07-11 18:30:13','zlinares',' ',' ','ZULAY DE JESUS LINARES DE SALAZAR','VE',' ',' ',12,'Solicitud de recomendacion a empresa #1 de Proveedor #19362',' ','https://',19362,19347,'J-0414484067','J-316732630',1,1),
 (67,'2023-07-13 15:38:27','Pedro Jose Martinez','04245487214','cpdigitalsol@gmial.com','Empresas Polar','VE','7','115',2,'por favor llama','la misma de siempre','http://laweb.com',0,0,' ',' ',1,0),
 (84,'2023-07-14 16:02:16','carlos peraza','0444144444','carlosperazavz@hotmail.com','cp digital solution','VE','8','117',4,'no lo se','okojljlk','http://www.ciudadhive.com',0,0,' ',' ',1,0),
 (85,'2023-07-15 12:43:39','Juan Latouche','0414-4281171','juan.latouche@mesuin.com.ve','Mesuinca','VE','7','115',4,'sdflkjsd flkjdslfkjd lkdjlksdjf lkdjflsdfjlsdfjsldfjsflsdfjk','CC AEROPUERTO','http://mesuin.com',0,0,' ',' ',1,0),
 (86,'2023-08-15 15:43:15','zlinares',' ',' ','ZULAY DE JESUS LINARES DE SALAZAR','VE',' ',' ',12,'Solicitud de recomendacion a empresa #1 de Proveedor #19362',' ','https://',19362,19335,'','J-23232323-8',1,1),
 (87,'2023-08-02 17:03:31','cusea',' ',' ','CARMEN USEA','VE',' ',' ',11,'Respuesta por evaluación de solicitud de recomendacion #119 del proveedor #J-23232323-8',' ','https://',19335,19362,'J-23232323-8',' ',1,119),
 (88,'2023-08-02 17:03:31','cusea',' ',' ','CARMEN USEA','VE',' ',' ',11,'Respuesta por evaluación de solicitud de recomendacion #119 del proveedor #J-23232323-8',' ','https://',19335,19362,'J-23232323-8',' ',1,119),
 (89,'2023-08-02 17:03:31','cusea',' ',' ','CARMEN USEA','VE',' ',' ',11,'Respuesta por evaluación de solicitud de recomendacion #119 del proveedor #J-23232323-8',' ','https://',19335,19362,'J-23232323-8',' ',1,119),
 (90,'2023-08-02 17:03:31','cusea',' ',' ','CARMEN USEA','VE',' ',' ',11,'Respuesta por evaluación de solicitud de recomendacion #119 del proveedor #J-23232323-8',' ','https://',19335,19362,'J-23232323-8',' ',1,119),
 (91,'2023-08-02 17:03:31','cusea',' ',' ','CARMEN USEA','VE',' ',' ',11,'Respuesta por evaluación de solicitud de recomendacion #119 del proveedor #J-23232323-8',' ','https://',19335,19362,'J-23232323-8',' ',1,119),
 (92,'2023-08-02 17:03:31','cusea',' ',' ','CARMEN USEA','VE',' ',' ',11,'Respuesta por evaluación de solicitud de recomendacion #119 del proveedor #J-23232323-8',' ','https://',19335,19362,'J-23232323-8',' ',1,119),
 (93,'2023-08-02 17:03:31','cusea',' ',' ','CARMEN USEA','VE',' ',' ',11,'Respuesta por evaluación de solicitud de recomendacion #119 del proveedor #J-23232323-8',' ','https://',19335,19362,'J-23232323-8',' ',1,119),
 (94,'2023-08-02 17:03:31','cusea',' ',' ','CARMEN USEA','VE',' ',' ',11,'Respuesta por evaluación de solicitud de recomendacion #119 del proveedor #J-23232323-8',' ','https://',19335,19362,'J-23232323-8',' ',1,119),
 (95,'2023-08-02 17:03:31','cusea',' ',' ','CARMEN USEA','VE',' ',' ',11,'Respuesta por evaluación de solicitud de recomendacion #119 del proveedor #J-23232323-8',' ','https://',19335,19362,'J-23232323-8',' ',1,119),
 (96,'2023-10-06 17:06:45','zlinares',' ',' ','ZULAY DE JESUS LINARES DE SALAZAR','VE',' ',' ',11,'Respuesta por evaluación de solicitud de recomendacion #120 del proveedor #J316732316',' ','https://',19362,19362,'J316732316',' ',2,120),
 (125,'2023-10-07 11:10:41','cusea','','','CP DIGITAL SOLUTION, C.A.','VE',' ',' ',0,'Algo que discutir no quiero seguir pagando         ','','https://',19335,19373,'J-23232323-8','',0,0),
 (126,'2023-10-07 11:45:11','cusea','0414840676','carlosperazavz@gmail.com','CP DIGITAL SOLUTION, C.A.','VE',' ',' ',0,'quiero saber como traer la plata Por favor llamame                  ','residencias las trinitarias - Ciudad Alianza - Guacara','https://',19335,19373,'J-23232323-8','J316732316',0,0),
 (128,'2023-10-07 12:23:19','cusea','n/a','?@?.?','Administracion','VE',' ',' ',0,'hola como estan hola como estan llammame por favor                                ','n/a','https://',19335,1,'J-23232323-8','n/a',2,0);
/*!40000 ALTER TABLE `tabla_contactos` ENABLE KEYS */;


--
-- Definition of table `tabla_control`
--

DROP TABLE IF EXISTS `tabla_control`;
CREATE TABLE `tabla_control` (
  `id` int(10) unsigned NOT NULL AUTO_INCREMENT,
  `tipo` int(10) unsigned NOT NULL DEFAULT 0,
  `nombre` varchar(80) NOT NULL DEFAULT ' ',
  `nombre_tabla` varchar(80) NOT NULL DEFAULT '',
  `image_id` int(10) unsigned NOT NULL DEFAULT 0,
  `rif_proveedor` varchar(45) NOT NULL DEFAULT '' COMMENT 'tipo:10, RIF proveedor que propone marca, cuando es marca se usa para el pais de origen',
  `idUusuario` int(10) unsigned NOT NULL DEFAULT 0,
  `idCompany` int(10) unsigned NOT NULL DEFAULT 0,
  `imagen` varchar(255) NOT NULL DEFAULT ' ',
  `folder` varchar(255) NOT NULL DEFAULT ' ',
  `valor` varchar(45) NOT NULL DEFAULT ' ',
  PRIMARY KEY (`id`)
) ENGINE=InnoDB AUTO_INCREMENT=209 DEFAULT CHARSET=utf8 COMMENT='tablas de control';

--
-- Dumping data for table `tabla_control`
--

/*!40000 ALTER TABLE `tabla_control` DISABLE KEYS */;
INSERT INTO `tabla_control` (`id`,`tipo`,`nombre`,`nombre_tabla`,`image_id`,`rif_proveedor`,`idUusuario`,`idCompany`,`imagen`,`folder`,`valor`) VALUES 
 (0,0,' ','',0,'',0,0,' ',' ',' '),
 (6,1,'Alimentos y Bebidas','Sector Industrial',0,'',0,0,' ',' ',' '),
 (9,1,'Salud / Farmaceutica','Sector Industrial',0,'',0,0,' ',' ',' '),
 (10,1,'Automotriz','Sector Industrial',0,'',0,0,' ',' ',' '),
 (11,1,'Metal mecánica','Sector Industrial',0,'',0,0,' ',' ',' '),
 (12,1,'Gases / Petróleos','Sector Industrial',0,'',0,0,' ',' ',' '),
 (13,1,'Tecnología / Comunicación','Sector Industrial',0,'',0,0,' ',' ',' '),
 (14,1,'Eduación','Sector Industrial',0,'',0,0,' ',' ',' '),
 (15,1,'Otro','Sector Industrial',0,'',0,0,' ',' ',' '),
 (19,1,'Quimica','Sector Industrial',0,'',0,0,' ',' ',' '),
 (21,2,'Empresa','Tipo de Organización',0,'',0,0,' ',' ',' '),
 (22,2,'Organismo Público','Tipo de Organización',0,'',0,0,' ',' ',' '),
 (23,2,'Organizacion no Gubernamental','Tipo de Organización',0,'',0,0,' ',' ',' '),
 (24,2,'Cooperativa','Tipo de Organización',0,'',0,0,' ',' ',' '),
 (25,2,'Institución Financiera','Tipo de Organización',0,'',0,0,' ',' ',' '),
 (26,2,'Consorcio','Tipo de Organización',0,'',0,0,' ',' ',' '),
 (27,3,'Edificio','Tipo de Infraestructura',0,'',0,0,' ',' ',' '),
 (28,3,'Galpón','Tipo de Infraestructura',0,'',0,0,' ',' ',' '),
 (29,3,'Oficina','Tipo de Infraestructura',0,'',0,0,' ',' ',' '),
 (30,3,'Casa','Tipo de Infraestructura',0,'',0,0,' ',' ',' '),
 (31,3,'Apartamento','Tipo de Infraestructura',0,'',0,0,' ',' ',' '),
 (35,4,'Zona Indutrial','Tipo de Area de Trabajo',0,'',0,0,' ',' ',' '),
 (36,4,'Centro Empresarial','Tipo de Area de Trabajo',0,'',0,0,' ',' ',' '),
 (37,4,'Sector','Tipo de Area de Trabajo',0,'',0,0,' ',' ',' '),
 (46,5,'dan Cursos','Servicios Profesionales',0,'',0,0,' ',' ',' '),
 (47,5,'hacen Talleres','Servicios Profesionales',0,'',0,0,' ',' ',' '),
 (48,5,'dan Asesorías','Servicios Profesionales',0,'',0,0,' ',' ',' '),
 (49,5,'dan Consultorías','Servicios Profesionales',0,'',0,0,' ',' ',' '),
 (50,5,'emiten Certificaciones','Servicios Profesionales',0,'',0,0,' ',' ',' '),
 (51,5,'otorgan Permisología','Servicios Profesionales',0,'',0,0,' ',' ',' '),
 (55,6,'Mantenimiento Correctivo','Servicios en Planta',47,'',0,0,' ',' ',' '),
 (56,6,'Mantenimiento Preventivo','Servicios en Planta',0,'',0,0,' ',' ',' '),
 (57,6,'Mantenimiento Predictivo','Servicios en Planta',0,'',0,0,' ',' ',' '),
 (58,6,'Construcción','Servicios en Planta',0,'',0,0,' ',' ',' '),
 (59,6,'Reparaciones','Servicios en Planta',0,'',0,0,' ',' ',' '),
 (60,6,'Proyectos Llave en mano','Servicios en Planta',0,'',0,0,' ',' ',' '),
 (61,6,'Básicos','Servicios en Planta',0,'',0,0,' ',' ',' '),
 (62,6,'Limpieza','Servicios en Planta',0,'',0,0,' ',' ',' '),
 (63,6,'Vigilancia','Servicios en Planta',0,'',0,0,' ',' ',' '),
 (64,6,'Otro','Servicios en Planta',0,'',0,0,' ',' ',' '),
 (65,7,'WhatsApp ','Redes Sociales',0,'',0,0,' ',' ',' '),
 (66,7,'Instagram','Redes Sociales',0,'',0,0,' ',' ',' '),
 (67,7,'FaceBook','Redes Sociales',0,'',0,0,' ',' ',' '),
 (68,7,'Youtube','Redes Sociales',0,'',0,0,' ',' ',' '),
 (69,7,'Telegram','Redes Sociales',0,'',0,0,' ',' ',' '),
 (70,7,'Tik Tok','Redes Sociales',0,'',0,0,' ',' ',' '),
 (71,7,'Linked In','Redes Sociales',0,'',0,0,' ',' ',' '),
 (72,7,'Skype','Redes Sociales',0,'',0,0,' ',' ',' '),
 (73,1,'Energia','Tipo de Organización',0,'',0,0,' ',' ',' '),
 (74,1,'Aeronáutica','Tipo de Organización',0,'',0,0,' ',' ',' '),
 (75,1,'Téxtil','Tipo de Organización',0,'',0,0,' ',' ',' '),
 (76,1,'Siderúrgica','Tipo de Organización',0,'',0,0,' ',' ',' '),
 (77,8,'SCHENEIDER ELECTRIC','Marcas de productos',20,'US',0,0,' ',' ',' '),
 (78,8,'CONTROL TECHNIQUE','Marcas de productos',14,'GB',0,0,' ',' ',' '),
 (79,8,'IFM','Marcas de productos',13,'DE',0,0,' ',' ',' '),
 (80,8,'FESTO','Marcas de productos',24,'DE',0,0,' ',' ',' '),
 (81,8,'ABB','Marcas de productos',11,'US',0,0,' ',' ',' '),
 (82,8,'HONEYWELL','Marcas de productos',23,'US',0,0,' ',' ',' '),
 (83,8,'3M','Marcas de productos',28,'US',0,0,' ',' ',' '),
 (84,8,'DUPONT','Marcas de productos',15,'US',0,0,' ',' ',' '),
 (85,8,'SIEMENS','Marcas de productos',21,'DE',0,0,' ',' ',' '),
 (86,8,'ANSELL','Marcas de productos',13,'DE',0,0,' ',' ',' '),
 (87,8,'EATON','Marcas de productos',12,'JP',0,0,' ',' ',' '),
 (88,9,'Relativa - Sensores de Presión','Familia de productos',27,'',0,0,' ',' ',' '),
 (89,9,'Vacío - Sensores de Presión','Familia de productos',29,'',0,0,' ',' ',' '),
 (90,9,'Membrana - Sensores de Presión','Familia de productos',0,'',0,0,' ',' ',' '),
 (91,9,'Alta temperatura - Sensores de Presión','Familia de productos',0,'',0,0,' ',' ',' '),
 (92,9,'Diferencial - Sensores de Presión','Familia de productos',0,'',0,0,' ',' ',' '),
 (93,9,'Atmosférica - Sensores de Presión','Familia de productos',0,'',0,0,' ',' ',' '),
 (94,9,'Manométrica Analógicos - Sensores de Presión','Familia de productos',0,'',0,0,' ',' ',' '),
 (95,9,'Manómetros digitales - Sensores de Presión','Familia de productos',0,'',0,0,' ',' ',' '),
 (96,9,'Manómetros absolutos - Sensores de Presión','Familia de productos',0,'',0,0,' ',' ',' '),
 (97,9,'Manómetros diferencial - Sensores de Presión','Familia de productos',0,'',0,0,' ',' ',' '),
 (98,9,'Manómetros de eesfera - Sensores de Presión','Familia de productos',0,'',0,0,' ',' ',' '),
 (99,9,'Capacitivo - Sensores de Nivel','Familia de productos',0,'',0,0,' ',' ',' '),
 (100,9,'Magnetotriptivo - Sensores de Nivel','Familia de productos',0,'',0,0,' ',' ',' '),
 (101,9,'Hidrostático - Sensores de Nivel','Familia de productos',0,'',0,0,' ',' ',' '),
 (102,9,'Flotador - Sensores de Nivel','Familia de productos',0,'',0,0,' ',' ',' '),
 (103,9,'Ultrasonido - Sensores de Nivel','Familia de productos',0,'',0,0,' ',' ',' '),
 (104,9,'Acústico - Sensores de Nivel','Familia de productos',0,'',0,0,' ',' ',' '),
 (105,9,'Radar - Sensores de Nivel','Familia de productos',0,'',0,0,' ',' ',' '),
 (106,9,'Dinamómetros - Sensores de Fuerza','Familia de productos',0,'',0,0,' ',' ',' '),
 (107,9,'Pas rotativo - Sensores de Fuerza','Familia de productos',0,'',0,0,' ',' ',' '),
 (108,9,'Par estático - Sensores de Fuerza','Familia de productos',0,'',0,0,' ',' ',' '),
 (109,9,'Torsión - Sensores de Fuerza','Familia de productos',0,'',0,0,' ',' ',' '),
 (110,9,'Deformación - Sensores de Fuerza','Familia de productos',0,'',0,0,' ',' ',' '),
 (111,9,'Infrarrojos - Sensores de Temperatura','Familia de productos',0,'',0,0,' ',' ',' '),
 (112,9,'PT1000 - Sensores de Temperatura','Familia de productos',0,'',0,0,' ',' ',' '),
 (113,9,'PT100 - Sensores de Temperatura','Familia de productos',0,'',0,0,' ',' ',' '),
 (114,9,'Resistencia - Sensores de Temperatura','Familia de productos',0,'',0,0,' ',' ',' '),
 (115,9,'Desplazamiento lineal - Sensores de Movimiento y Posición','Familia de productos',0,'',0,0,' ',' ',' '),
 (120,10,'CARECULO','Otras Marcas',0,'345345353453',0,0,' ',' ',' '),
 (121,10,'OTRO CARECULO','Otras Marcas',0,'345345353453',0,0,' ',' ',' '),
 (122,10,'OTROA MARCA1','Otras Marcas',0,'345345353453',0,0,' ',' ',' '),
 (123,10,'OTRO CARECULO2','Otras Marcas',0,'345345353453',0,0,' ',' ',' '),
 (124,10,'OTR MARCA2','Otras Marcas',0,'345345353453',0,0,' ',' ',' '),
 (125,10,'AAA','Otras Marcas',0,'345345353453',0,0,' ',' ',' '),
 (127,10,'DFSDFSDFSDFS','Otras Marcas',0,'',0,0,' ',' ',' '),
 (128,10,'CARECULO','Otras Marcas',0,'J-23423422-9',0,0,' ',' ',' '),
 (129,10,'OTRO CARECULO','Otras Marcas',0,'J-0414484067',0,0,' ',' ',' '),
 (130,11,'Químico','Sector campo de acción',29,'',0,0,' ',' ',' '),
 (131,11,'Automotriz','Sector campo de acción',38,'',0,0,' ',' ',' '),
 (138,16,'dashboard','permisos a programas',0,'',0,0,' ',' ',' '),
 (140,16,'tabla de usuarios','permisos a programas',0,'',0,0,' ',' ',' '),
 (141,16,'tabla de empresas','permisos a programas',0,'',0,0,' ',' ',' '),
 (142,16,'tabla de proveedores','permisos a programas',0,'',0,0,' ',' ',' '),
 (143,16,'tabla de estados y ciudades','permisos a programas',0,'',0,0,' ',' ',' '),
 (144,16,'categorias y subcategorias','permisos a programas',0,'',0,0,' ',' ',' '),
 (145,16,'tablas de control','permisos a programas',0,'',0,0,' ',' ',' '),
 (146,16,'tabla de contactos al sistema','permisos a programas',0,'',0,0,' ',' ',' '),
 (147,16,'perfiles de usuarios','permisos a programas',0,'',0,0,' ',' ',' '),
 (148,16,'informacion de la empresa','permisos a programas',0,'',0,0,' ',' ',' '),
 (149,16,'directorio de proveedores','permisos a programas',0,'',0,0,' ',' ',' '),
 (150,16,'informacion del proveedor','permisos a programas',0,'',0,0,' ',' ',' '),
 (151,17,'Instrumentación y Control','Categoria de productos',87,'',0,0,' ',' ',' '),
 (153,17,'Manejo de Fluidos','Categoria de productos',85,'',0,0,' ',' ',' '),
 (154,17,'Fuerza y Movimiento','Categoria de productos',86,'',0,0,' ',' ',' '),
 (155,17,'Electricidad y Potencia','Categoria de productos',84,'',0,0,' ',' ',' '),
 (156,17,'Automatización Robotica','Categoria de productos',83,'',0,0,' ',' ',' '),
 (159,18,'Camara de industriales de Carabobo','',59,'',0,0,' ',' ',' '),
 (160,18,'Camara inmobiliaria de carabobo','',60,'',0,0,' ',' ',' '),
 (161,18,'Camara de la contruccion Edo Carabobo','',61,'',0,0,' ',' ',' '),
 (162,18,'Camara del Transporte Edo Carabobo','',62,'',0,0,' ',' ',' '),
 (163,17,'Refrigeración y Aire acondicionado','Categoria de productos',73,'',0,0,' ',' ',' '),
 (164,17,'Seguridad, Higiene y Protección de planta','Categoria de productos',74,'',0,0,' ',' ',' '),
 (165,17,'Soldadura y Pintura','Categoria de productos',75,'',0,0,' ',' ',' '),
 (166,17,'Abrasivos y Adhesivos','Categoria de productos',76,'',0,0,' ',' ',' '),
 (167,17,'Herramientas','Categoria de productos',77,'',0,0,' ',' ',' '),
 (168,17,'Materias Primas','Categoria de productos',82,'',0,0,' ',' ',' '),
 (169,17,'Laboratorio','Categoria de productos',78,'',0,0,' ',' ',' '),
 (170,17,'Material de Empaque','Categoria de productos',79,'',0,0,' ',' ',' '),
 (171,17,'Logística','Categoria de productos',80,'',0,0,' ',' ',' '),
 (172,17,'Servicios','Categoria de productos',81,'',0,0,' ',' ',' '),
 (173,19,'PLAN BASICO - NUMERO DE CATEGORIAS HABILITADAS','Convenio Compradores',0,'',0,0,' ',' ','3'),
 (174,19,'PLAN AVANZADO - NUMERO DE CATEGORIAS HABILITADAS','Convenio Compradores',0,'',0,0,' ',' ','5'),
 (175,19,'PLAN BASICO - NUMERO DE USUARIOS HABILITADOS POR CATEGORIAS','Convenio Compradores',0,'',0,0,' ',' ','1'),
 (176,19,'PLAN BASICO - SOLICITUD DE USUARIOS ADICIONALES - COMPRAS','Convenio Compradores',0,'',0,0,' ',' ','N'),
 (177,19,'PLAN BASICO - NUMERO DE IUSUARIOS ADICIONALES FINANZAS','Convenio Compradores',0,'',0,0,' ',' ','1'),
 (178,19,'PLAN BASICO - BUSQUEDA AVANZADA DE PROVEEDORES','Convenio Compradores',0,'',0,0,' ',' ','Y'),
 (179,19,'PLAN BASICO - DESCARGA DE FICHA TECNICA','Convenio Compradores',0,'',0,0,' ',' ','Y'),
 (180,19,'PLAN BASICO - SOPORTE EN LA BUSQUEDA PARA UNA MARCA ESPECIFICA','Convenio Compradores',0,'',0,0,' ',' ','Y'),
 (181,19,'PLAN BASICO - ACCESO A LA SECCION DE GRAFICA EN EL DASHBOARD','Convenio Compradores',0,'',0,0,' ',' ','Y'),
 (182,19,'PLAN BASICO - ACCESO A LA SECCION DE TABLAS DE CONSULTAS','Convenio Compradores',0,'',0,0,' ',' ','Y'),
 (183,19,'PLAN AVANZADO - NUMERO DE USUARIOS HABILITADOS POR CATEGORIAS','Convenio Compradores',0,'',0,0,' ',' ','1'),
 (184,19,'PLAN AVANZADO - SOLICITUD DE USUARIOS ADICIONALES - COMPRAS','Convenio Compradores',0,'',0,0,' ',' ','Y'),
 (185,19,'PLAN AVANZADO - NUMERO DE IUSUARIOS ADICIONALES FINANZAS','Convenio Compradores',0,'',0,0,' ',' ','1'),
 (186,19,'PLAN AVANZADO - BUSQUEDA AVANZADA DE PROVEEDORES','Convenio Compradores',0,'',0,0,' ',' ','Y'),
 (187,19,'PLAN AVANZADO - DESCARGA DE FICHA TECNICA','Convenio Compradores',0,'',0,0,' ',' ','Y'),
 (188,19,'PLAN AVANZADO - SOPORTE EN LA BUSQUEDA PARA UNA MARCA ESPECIFICA','Convenio Compradores',0,'',0,0,' ',' ','Y'),
 (189,19,'PLAN AVANZADO - ACCESO A LA SECCION DE GRAFICA EN EL DASHBOARD','Convenio Compradores',0,'',0,0,' ',' ','Y'),
 (190,19,'PLAN AVANZADO - ACCESO A LA SECCION DE TABLAS DE CONSULTAS','Convenio Compradores',0,'',0,0,' ',' ','Y'),
 (191,20,'PLAN BASICO - NUMERO DE CATEGORIAS PARA REGISTRARSE','Convenio Proveedores',0,'',0,0,' ',' ','3'),
 (192,20,'PLAN AVANZADO - NUMERO DE CATEGORIAS PARA REGISTRARSE','Convenio Proveedores',0,'',0,0,' ',' ','5'),
 (193,20,'PLAN BASICO - NUMERO DE CATEGORIAS PARA REALIZAR BUSQUEDA','Convenio Proveedores',0,'',0,0,' ',' ','3'),
 (194,20,'PLAN AVANZADO - NUMERO DE CATEGORIAS PARA REALIZAR BUSQUEDA','Convenio Proveedores',0,'',0,0,' ',' ','5'),
 (195,20,'PLAN BASICO - NUMERO DE USUARIOS','Convenio Proveedores',0,'',0,0,' ',' ','2'),
 (196,20,'PLAN AVANZADO - NUMERO DE USUARIOS','Convenio Proveedores',0,'',0,0,' ',' ','3'),
 (197,20,'PLAN BASICO - BUSQUEDA AVANZADA DE PROVEEDORES','Convenio Proveedores',0,'',0,0,' ',' ','Y'),
 (198,20,'PLAN AVANZADO - BUSQUEDA AVANZADA DE PROVEEDORES','Convenio Proveedores',0,'',0,0,' ',' ','Y'),
 (199,20,'PLAN BASICO - DESCARGA DE FICHA TECNICA DEL PROVEEDOR','Convenio Proveedores',0,'',0,0,' ',' ','Y'),
 (200,20,'PLAN AVANZADO - DESCARGA DE FICHA TECNICA DEL PROVEEDOR','Convenio Proveedores',0,'',0,0,' ',' ','Y'),
 (201,20,'PLAN BASICO - SOLICITAR RECOMENDACIONES','Convenio Proveedores',0,'',0,0,' ',' ','Y'),
 (202,20,'PLAN AVANZADO - SOLICITAR RECOMENDACIONES','Convenio Proveedores',0,'',0,0,' ',' ','Y'),
 (203,20,'PLAN BASICO - PROCESO DE VERIFICACION GENERAL','Convenio Proveedores',0,'',0,0,' ',' ','Y'),
 (204,20,'PLAN AVANZADO - PROCESO DE VERIFICACION GENERAL','Convenio Proveedores',0,'',0,0,' ',' ','Y'),
 (205,20,'PLAN BASICO - POSICIONAMIENTO - PROMOCION DEL PROVEEDOR','Convenio Proveedores',0,'',0,0,' ',' ','N'),
 (206,20,'PLAN AVANZADO - POSICIONAMIENTO - PROMOCION DEL PROVEEDOR','Convenio Proveedores',0,'',0,0,' ',' ','Y'),
 (208,16,'recomendaciones de proveedores','permisos a programas',0,' ',0,0,' ',' ',' ');
/*!40000 ALTER TABLE `tabla_control` ENABLE KEYS */;


--
-- Definition of table `table_images`
--

DROP TABLE IF EXISTS `table_images`;
CREATE TABLE `table_images` (
  `id` int(11) NOT NULL AUTO_INCREMENT,
  `images` varchar(255) NOT NULL,
  `fregis` timestamp NOT NULL DEFAULT current_timestamp() ON UPDATE current_timestamp(),
  `folder` varchar(120) DEFAULT NULL,
  PRIMARY KEY (`id`)
) ENGINE=InnoDB AUTO_INCREMENT=88 DEFAULT CHARSET=utf8mb4;

--
-- Dumping data for table `table_images`
--

/*!40000 ALTER TABLE `table_images` DISABLE KEYS */;
INSERT INTO `table_images` (`id`,`images`,`fregis`,`folder`) VALUES 
 (11,'650222181.png','2023-06-15 16:01:57','crud_imagenes/uploads/'),
 (12,'553728527.png','2023-06-15 16:02:54','crud_imagenes/uploads/'),
 (13,'1759962845.png','2023-06-15 16:04:46','crud_imagenes/uploads/'),
 (14,'1583603626.png','2023-06-15 16:06:42','crud_imagenes/uploads/'),
 (15,'1138597724.png','2023-06-15 16:08:59','crud_imagenes/uploads/'),
 (20,'1879421504.png','2023-06-15 16:13:39','crud_imagenes/uploads/'),
 (21,'564277427.png','2023-06-15 18:05:20','crud_imagenes/uploads/'),
 (22,'874173002.png','2023-03-30 12:56:55','crud_imagenes/uploads/'),
 (23,'1332954576.png','2023-06-15 16:12:00','crud_imagenes/uploads/'),
 (24,'696884763.png','2023-06-15 16:10:58','crud_imagenes/uploads/'),
 (25,'1684018212.jpg','2023-03-30 13:00:54','crud_imagenes/uploads/'),
 (26,'2096299219.png','2023-03-30 13:01:39','crud_imagenes/uploads/'),
 (27,'807183323.jpg','2023-03-30 15:49:30','crud_imagenes/uploads/'),
 (28,'1614987717.png','2023-03-30 15:50:32','crud_imagenes/uploads/'),
 (29,'1339290625.png','2023-04-22 13:00:58','crud_imagenes/uploads/'),
 (38,'234650304.png','2023-04-26 18:34:30','crud_imagenes/uploads/'),
 (39,'538610208.jpg','2023-05-23 18:59:59','crud_imagenes/uploads/'),
 (46,'303602846.jpg','2023-05-23 19:22:12','crud_imagenes/uploads/'),
 (47,'1421866446.jpg','2023-06-05 14:25:38','crud_imagenes/uploads/'),
 (48,'1424326138.jpg','2023-06-15 14:49:00','crud_imagenes/uploads/'),
 (49,'1325967800.jpg','2023-06-15 14:49:00','crud_imagenes/uploads/'),
 (50,'1738768734.jpg','2023-06-15 14:49:00','crud_imagenes/uploads/'),
 (51,'1330557193.jpg','2023-06-15 14:49:00','crud_imagenes/uploads/'),
 (52,'211891517.jpg','2023-06-15 14:49:00','crud_imagenes/uploads/'),
 (53,'1082223741.jpg','2023-06-15 14:49:00','crud_imagenes/uploads/'),
 (54,'1311489912.jpg','2023-06-15 14:49:00','crud_imagenes/uploads/'),
 (55,'11519397.jpg','2023-06-15 14:49:01','crud_imagenes/uploads/'),
 (56,'1285886092.jpg','2023-06-15 14:49:01','crud_imagenes/uploads/'),
 (57,'1635736903.jpg','2023-06-15 14:49:01','crud_imagenes/uploads/'),
 (58,'272385351.jpg','2023-06-15 14:49:01','crud_imagenes/uploads/'),
 (59,'1387612919.jpeg','2023-07-25 18:32:38','crud_imagenes/uploads/'),
 (60,'1469802874.png','2023-07-25 18:33:27','crud_imagenes/uploads/'),
 (61,'1616329299.png','2023-07-25 18:34:36','crud_imagenes/uploads/'),
 (62,'673264274.jpeg','2023-07-25 18:35:31','crud_imagenes/uploads/'),
 (63,'1511480807.png','2023-08-16 12:20:31','crud_imagenes/uploads/'),
 (64,'1623060704.png','2023-08-16 12:20:31','crud_imagenes/uploads/'),
 (65,'240586401.png','2023-08-16 12:20:31','crud_imagenes/uploads/'),
 (66,'1245919004.png','2023-08-16 12:20:31','crud_imagenes/uploads/'),
 (67,'1762711289.png','2023-08-16 12:20:31','crud_imagenes/uploads/'),
 (68,'589174680.png','2023-09-04 10:01:26','crud_imagenes/uploads/'),
 (69,'2000786290.png','2023-09-04 10:01:54','crud_imagenes/uploads/'),
 (70,'1737916010.png','2023-09-04 10:04:16','crud_imagenes/uploads/'),
 (71,'514579765.png','2023-09-04 10:04:42','crud_imagenes/uploads/'),
 (72,'2127714238.png','2023-09-04 10:04:57','crud_imagenes/uploads/'),
 (73,'665271719.png','2023-09-04 10:07:01','crud_imagenes/uploads/'),
 (74,'1526591397.png','2023-09-04 10:07:58','crud_imagenes/uploads/'),
 (75,'2103341609.png','2023-09-04 10:08:30','crud_imagenes/uploads/'),
 (76,'1141763639.png','2023-09-04 10:09:13','crud_imagenes/uploads/'),
 (77,'531028266.png','2023-09-04 10:11:25','crud_imagenes/uploads/'),
 (78,'1148540111.png','2023-09-04 10:13:35','crud_imagenes/uploads/'),
 (79,'959507261.png','2023-09-04 10:14:44','crud_imagenes/uploads/'),
 (80,'2045425647.png','2023-09-04 10:15:59','crud_imagenes/uploads/'),
 (81,'1024667947.png','2023-09-04 10:22:34','crud_imagenes/uploads/'),
 (82,'1228379100.png','2023-09-04 11:09:50','crud_imagenes/uploads/'),
 (83,'1851219474.png','2023-11-01 09:47:06','crud_imagenes/uploads/'),
 (84,'843563916.png','2023-11-01 09:50:24','crud_imagenes/uploads/'),
 (85,'1108547155.png','2023-11-01 09:51:23','crud_imagenes/uploads/'),
 (86,'1504900501.png','2023-11-01 09:51:48','crud_imagenes/uploads/'),
 (87,'2102954857.png','2023-11-01 09:52:13','crud_imagenes/uploads/');
/*!40000 ALTER TABLE `table_images` ENABLE KEYS */;


--
-- Definition of table `table_soportes`
--

DROP TABLE IF EXISTS `table_soportes`;
CREATE TABLE `table_soportes` (
  `id` int(11) NOT NULL AUTO_INCREMENT,
  `images` varchar(255) NOT NULL,
  `fregis` timestamp NOT NULL DEFAULT current_timestamp() ON UPDATE current_timestamp(),
  `folder` varchar(120) DEFAULT NULL,
  `idCompany` int(10) unsigned NOT NULL DEFAULT 0,
  `etiqueta` varchar(45) NOT NULL DEFAULT ' ',
  PRIMARY KEY (`id`)
) ENGINE=InnoDB AUTO_INCREMENT=99 DEFAULT CHARSET=utf8mb4;

--
-- Dumping data for table `table_soportes`
--

/*!40000 ALTER TABLE `table_soportes` DISABLE KEYS */;
INSERT INTO `table_soportes` (`id`,`images`,`fregis`,`folder`,`idCompany`,`etiqueta`) VALUES 
 (74,'852315475.pdf','2023-04-27 16:01:14','../../assets/documentos/soportes/archivos/',19362,'CERTIFICACIONES'),
 (77,'1765215409.xls','2023-04-30 11:38:37','../../assets/documentos/soportes/archivos/',19362,'CATALOGOS'),
 (79,'367144593.png','2023-04-27 16:13:11','../../assets/documentos/soportes/imagenes/',19362,'IMAGENES Y FOTOS'),
 (80,'684631710.xlsx','2023-05-02 21:37:28','../../assets/documentos/soportes/archivos/',0,' '),
 (81,'225492207.xls','2023-05-02 21:37:28','../../assets/documentos/soportes/archivos/',0,' '),
 (82,'777604794.xlsx','2023-05-30 16:49:32','../../assets/documentos/soportes/archivos/',19362,'CATALOGOS'),
 (84,'564387427.jpg','2023-05-30 16:54:34','../../assets/documentos/soportes/imagenes/',19362,'IMAGENES Y FOTOS'),
 (94,'750988118.xlsx','2023-09-19 14:59:39','../../assets/documentos/soportes/archivos/',0,' '),
 (96,'1316790147.pdf','2023-09-19 15:02:53','../../assets/documentos/soportes/archivos/',0,' '),
 (98,'117499259.png','2023-09-19 15:08:04','../../assets/documentos/soportes/imagenes/',19362,'REFERENCIAS');
/*!40000 ALTER TABLE `table_soportes` ENABLE KEYS */;


--
-- Definition of table `tbl_member`
--

DROP TABLE IF EXISTS `tbl_member`;
CREATE TABLE `tbl_member` (
  `id` int(11) NOT NULL AUTO_INCREMENT,
  `username` varchar(255) NOT NULL,
  `name` varchar(30) NOT NULL,
  `password` varchar(200) NOT NULL,
  `create_at` timestamp NOT NULL DEFAULT current_timestamp() ON UPDATE current_timestamp(),
  PRIMARY KEY (`id`)
) ENGINE=InnoDB AUTO_INCREMENT=4 DEFAULT CHARSET=latin1;

--
-- Dumping data for table `tbl_member`
--

/*!40000 ALTER TABLE `tbl_member` DISABLE KEYS */;
INSERT INTO `tbl_member` (`id`,`username`,`name`,`password`,`create_at`) VALUES 
 (1,'admin','administrador','$2y$10$3ZnwXA1hl0oSTOmnRC7KRu4jh0d8eVsZfIWpT.6nPuuvpb.MU96tW','2023-03-08 09:41:43'),
 (2,'user','usuario','$2y$10$3ZnwXA1hl0oSTOmnRC7KRu4jh0d8eVsZfIWpT.6nPuuvpb.MU96tW','2023-03-08 09:41:44');
/*!40000 ALTER TABLE `tbl_member` ENABLE KEYS */;


--
-- Definition of table `tbl_paises`
--

DROP TABLE IF EXISTS `tbl_paises`;
CREATE TABLE `tbl_paises` (
  `id` int(11) NOT NULL AUTO_INCREMENT,
  `country_code` varchar(2) NOT NULL DEFAULT '',
  `country_name` varchar(100) NOT NULL DEFAULT '',
  PRIMARY KEY (`id`)
) ENGINE=MyISAM AUTO_INCREMENT=246 DEFAULT CHARSET=utf8;

--
-- Dumping data for table `tbl_paises`
--

/*!40000 ALTER TABLE `tbl_paises` DISABLE KEYS */;
INSERT INTO `tbl_paises` (`id`,`country_code`,`country_name`) VALUES 
 (1,'AF','Afghanistan'),
 (2,'AL','Albania'),
 (3,'DZ','Algeria'),
 (4,'DS','American Samoa'),
 (5,'AD','Andorra'),
 (6,'AO','Angola'),
 (7,'AI','Anguilla'),
 (8,'AQ','Antarctica'),
 (9,'AG','Antigua and Barbuda'),
 (10,'AR','Argentina'),
 (11,'AM','Armenia'),
 (12,'AW','Aruba'),
 (13,'AU','Australia'),
 (14,'AT','Austria'),
 (15,'AZ','Azerbaijan'),
 (16,'BS','Bahamas'),
 (17,'BH','Bahrain'),
 (18,'BD','Bangladesh'),
 (19,'BB','Barbados'),
 (20,'BY','Belarus'),
 (21,'BE','Belgium'),
 (22,'BZ','Belize'),
 (23,'BJ','Benin'),
 (24,'BM','Bermuda'),
 (25,'BT','Bhutan'),
 (26,'BO','Bolivia'),
 (27,'BA','Bosnia and Herzegovina'),
 (28,'BW','Botswana'),
 (29,'BV','Bouvet Island'),
 (30,'BR','Brazil'),
 (31,'IO','British Indian Ocean Territory'),
 (32,'BN','Brunei Darussalam'),
 (33,'BG','Bulgaria'),
 (34,'BF','Burkina Faso'),
 (35,'BI','Burundi'),
 (36,'KH','Cambodia'),
 (37,'CM','Cameroon'),
 (38,'CA','Canada'),
 (39,'CV','Cape Verde'),
 (40,'KY','Cayman Islands'),
 (41,'CF','Central African Republic'),
 (42,'TD','Chad'),
 (43,'CL','Chile'),
 (44,'CN','China'),
 (45,'CX','Christmas Island'),
 (46,'CC','Cocos (Keeling) Islands'),
 (47,'CO','Colombia'),
 (48,'KM','Comoros'),
 (49,'CG','Congo'),
 (50,'CK','Cook Islands'),
 (51,'CR','Costa Rica'),
 (52,'HR','Croatia (Hrvatska)'),
 (53,'CU','Cuba'),
 (54,'CY','Cyprus'),
 (55,'CZ','Czech Republic'),
 (56,'DK','Denmark'),
 (57,'DJ','Djibouti'),
 (58,'DM','Dominica'),
 (59,'DO','Dominican Republic'),
 (60,'TP','East Timor'),
 (61,'EC','Ecuador'),
 (62,'EG','Egypt'),
 (63,'SV','El Salvador'),
 (64,'GQ','Equatorial Guinea'),
 (65,'ER','Eritrea'),
 (66,'EE','Estonia'),
 (67,'ET','Ethiopia'),
 (68,'FK','Falkland Islands (Malvinas)'),
 (69,'FO','Faroe Islands'),
 (70,'FJ','Fiji'),
 (71,'FI','Finland'),
 (72,'FR','France'),
 (73,'FX','France, Metropolitan'),
 (74,'GF','French Guiana'),
 (75,'PF','French Polynesia'),
 (76,'TF','French Southern Territories'),
 (77,'GA','Gabon'),
 (78,'GM','Gambia'),
 (79,'GE','Georgia'),
 (80,'DE','Germany'),
 (81,'GH','Ghana'),
 (82,'GI','Gibraltar'),
 (83,'GK','Guernsey'),
 (84,'GR','Greece'),
 (85,'GL','Greenland'),
 (86,'GD','Grenada'),
 (87,'GP','Guadeloupe'),
 (88,'GU','Guam'),
 (89,'GT','Guatemala'),
 (90,'GN','Guinea'),
 (91,'GW','Guinea-Bissau'),
 (92,'GY','Guyana'),
 (93,'HT','Haiti'),
 (94,'HM','Heard and Mc Donald Islands'),
 (95,'HN','Honduras'),
 (96,'HK','Hong Kong'),
 (97,'HU','Hungary'),
 (98,'IS','Iceland'),
 (99,'IN','India'),
 (100,'IM','Isle of Man'),
 (101,'ID','Indonesia'),
 (102,'IR','Iran (Islamic Republic of)'),
 (103,'IQ','Iraq'),
 (104,'IE','Ireland'),
 (105,'IL','Israel'),
 (106,'IT','Italy'),
 (107,'CI','Ivory Coast'),
 (108,'JE','Jersey'),
 (109,'JM','Jamaica'),
 (110,'JP','Japan'),
 (111,'JO','Jordan'),
 (112,'KZ','Kazakhstan'),
 (113,'KE','Kenya'),
 (114,'KI','Kiribati'),
 (115,'KP','Korea, Democratic People\'s Republic of'),
 (116,'KR','Korea, Republic of'),
 (117,'XK','Kosovo'),
 (118,'KW','Kuwait'),
 (119,'KG','Kyrgyzstan'),
 (120,'LA','Lao People\'s Democratic Republic'),
 (121,'LV','Latvia'),
 (122,'LB','Lebanon'),
 (123,'LS','Lesotho'),
 (124,'LR','Liberia'),
 (125,'LY','Libyan Arab Jamahiriya'),
 (126,'LI','Liechtenstein'),
 (127,'LT','Lithuania'),
 (128,'LU','Luxembourg'),
 (129,'MO','Macau'),
 (130,'MK','Macedonia'),
 (131,'MG','Madagascar'),
 (132,'MW','Malawi'),
 (133,'MY','Malaysia'),
 (134,'MV','Maldives'),
 (135,'ML','Mali'),
 (136,'MT','Malta'),
 (137,'MH','Marshall Islands'),
 (138,'MQ','Martinique'),
 (139,'MR','Mauritania'),
 (140,'MU','Mauritius'),
 (141,'TY','Mayotte'),
 (142,'MX','Mexico'),
 (143,'FM','Micronesia, Federated States of'),
 (144,'MD','Moldova, Republic of'),
 (145,'MC','Monaco'),
 (146,'MN','Mongolia'),
 (147,'ME','Montenegro'),
 (148,'MS','Montserrat'),
 (149,'MA','Morocco'),
 (150,'MZ','Mozambique'),
 (151,'MM','Myanmar'),
 (152,'NA','Namibia'),
 (153,'NR','Nauru'),
 (154,'NP','Nepal'),
 (155,'NL','Netherlands'),
 (156,'AN','Netherlands Antilles'),
 (157,'NC','New Caledonia'),
 (158,'NZ','New Zealand'),
 (159,'NI','Nicaragua'),
 (160,'NE','Niger'),
 (161,'NG','Nigeria'),
 (162,'NU','Niue'),
 (163,'NF','Norfolk Island'),
 (164,'MP','Northern Mariana Islands'),
 (165,'NO','Norway'),
 (166,'OM','Oman'),
 (167,'PK','Pakistan'),
 (168,'PW','Palau'),
 (169,'PS','Palestine'),
 (170,'PA','Panama'),
 (171,'PG','Papua New Guinea'),
 (172,'PY','Paraguay'),
 (173,'PE','Peru'),
 (174,'PH','Philippines'),
 (175,'PN','Pitcairn'),
 (176,'PL','Poland'),
 (177,'PT','Portugal'),
 (178,'PR','Puerto Rico'),
 (179,'QA','Qatar'),
 (180,'RE','Reunion'),
 (181,'RO','Romania'),
 (182,'RU','Russian Federation'),
 (183,'RW','Rwanda'),
 (184,'KN','Saint Kitts and Nevis'),
 (185,'LC','Saint Lucia'),
 (186,'VC','Saint Vincent and the Grenadines'),
 (187,'WS','Samoa'),
 (188,'SM','San Marino'),
 (189,'ST','Sao Tome and Principe'),
 (190,'SA','Saudi Arabia'),
 (191,'SN','Senegal'),
 (192,'RS','Serbia'),
 (193,'SC','Seychelles'),
 (194,'SL','Sierra Leone'),
 (195,'SG','Singapore'),
 (196,'SK','Slovakia'),
 (197,'SI','Slovenia'),
 (198,'SB','Solomon Islands'),
 (199,'SO','Somalia'),
 (200,'ZA','South Africa'),
 (201,'GS','South Georgia South Sandwich Islands'),
 (202,'ES','Spain'),
 (203,'LK','Sri Lanka'),
 (204,'SH','St. Helena'),
 (205,'PM','St. Pierre and Miquelon'),
 (206,'SD','Sudan'),
 (207,'SR','Suriname'),
 (208,'SJ','Svalbard and Jan Mayen Islands'),
 (209,'SZ','Swaziland'),
 (210,'SE','Sweden'),
 (211,'CH','Switzerland'),
 (212,'SY','Syrian Arab Republic'),
 (213,'TW','Taiwan'),
 (214,'TJ','Tajikistan'),
 (215,'TZ','Tanzania, United Republic of'),
 (216,'TH','Thailand'),
 (217,'TG','Togo'),
 (218,'TK','Tokelau'),
 (219,'TO','Tonga'),
 (220,'TT','Trinidad and Tobago'),
 (221,'TN','Tunisia'),
 (222,'TR','Turkey'),
 (223,'TM','Turkmenistan'),
 (224,'TC','Turks and Caicos Islands'),
 (225,'TV','Tuvalu'),
 (226,'UG','Uganda'),
 (227,'UA','Ukraine'),
 (228,'AE','United Arab Emirates'),
 (229,'GB','United Kingdom'),
 (230,'US','United States'),
 (231,'UM','United States minor outlying islands'),
 (232,'UY','Uruguay'),
 (233,'UZ','Uzbekistan'),
 (234,'VU','Vanuatu'),
 (235,'VA','Vatican City State'),
 (236,'VE','Venezuela'),
 (237,'VN','Vietnam'),
 (238,'VG','Virgin Islands (British)'),
 (239,'VI','Virgin Islands (U.S.)'),
 (240,'WF','Wallis and Futuna Islands'),
 (241,'EH','Western Sahara'),
 (242,'YE','Yemen'),
 (243,'ZR','Zaire'),
 (244,'ZM','Zambia'),
 (245,'ZW','Zimbabwe');
/*!40000 ALTER TABLE `tbl_paises` ENABLE KEYS */;


--
-- Definition of table `tbl_ventas`
--

DROP TABLE IF EXISTS `tbl_ventas`;
CREATE TABLE `tbl_ventas` (
  `ventas_id` int(11) NOT NULL AUTO_INCREMENT,
  `monto` double NOT NULL,
  `venta_fecha` date NOT NULL,
  PRIMARY KEY (`ventas_id`)
) ENGINE=InnoDB AUTO_INCREMENT=38 DEFAULT CHARSET=utf8mb4 COLLATE=utf8mb4_unicode_ci;

--
-- Dumping data for table `tbl_ventas`
--

/*!40000 ALTER TABLE `tbl_ventas` DISABLE KEYS */;
INSERT INTO `tbl_ventas` (`ventas_id`,`monto`,`venta_fecha`) VALUES 
 (8,100,'2020-01-01'),
 (9,55,'2019-01-01'),
 (10,200,'2020-02-02'),
 (11,55,'2019-02-02'),
 (12,175,'2020-03-03'),
 (13,150,'2019-03-03'),
 (14,150,'2020-04-04'),
 (15,85,'2019-04-04'),
 (16,99,'2020-04-04'),
 (17,20,'2019-04-04'),
 (18,180,'2020-05-05'),
 (19,70,'2019-05-05'),
 (20,225,'2019-06-06'),
 (21,150,'2020-06-06'),
 (22,120,'2020-07-07'),
 (23,55,'2019-07-07'),
 (24,199,'2020-08-08'),
 (25,45,'2019-08-08'),
 (26,130,'2020-09-09'),
 (27,75,'2019-09-09'),
 (28,300,'2019-10-10'),
 (29,35,'2019-10-10'),
 (30,250,'2019-11-11'),
 (31,20,'2019-11-11'),
 (32,220,'2020-08-12'),
 (33,200,'2019-12-12'),
 (34,45,'2019-01-05'),
 (35,50,'2020-10-02'),
 (36,300,'2020-10-05'),
 (37,100,'2020-10-06');
/*!40000 ALTER TABLE `tbl_ventas` ENABLE KEYS */;


--
-- Definition of table `usuario`
--

DROP TABLE IF EXISTS `usuario`;
CREATE TABLE `usuario` (
  `idusuario` int(11) NOT NULL AUTO_INCREMENT,
  `nombre` varchar(100) COLLATE utf8_spanish_ci NOT NULL,
  `correo` varchar(100) COLLATE utf8_spanish_ci NOT NULL,
  `usuario` varchar(20) COLLATE utf8_spanish_ci NOT NULL,
  `clave` varchar(60) COLLATE utf8_spanish_ci NOT NULL DEFAULT '',
  `estado` int(11) NOT NULL DEFAULT 1,
  `userhive` int(10) unsigned NOT NULL DEFAULT 0,
  `tipo` int(10) unsigned NOT NULL DEFAULT 0 COMMENT '1:admin, 2:asistente, 3:apoyo., 4:distrb',
  `hint` varchar(45) COLLATE utf8_spanish_ci NOT NULL DEFAULT '',
  `imagen` varchar(120) COLLATE utf8_spanish_ci NOT NULL DEFAULT ' ',
  `folder` varchar(120) COLLATE utf8_spanish_ci NOT NULL DEFAULT '',
  PRIMARY KEY (`idusuario`)
) ENGINE=InnoDB AUTO_INCREMENT=17 DEFAULT CHARSET=utf8 COLLATE=utf8_spanish_ci;

--
-- Dumping data for table `usuario`
--

/*!40000 ALTER TABLE `usuario` DISABLE KEYS */;
INSERT INTO `usuario` (`idusuario`,`nombre`,`correo`,`usuario`,`clave`,`estado`,`userhive`,`tipo`,`hint`,`imagen`,`folder`) VALUES 
 (1,'Claudio Imbimbo','imbimbo777@gmail.com','admin','81dc9bdb52d04dc20036dbd8313ed055',1,0,1,'1234','logoCH.png','/assets/documentos/imagenes/usuarios/'),
 (4,'Lucio de Fuentez','luciodefuentes@gmail.com','lucio','81dc9bdb52d04dc20036dbd8313ed055',1,19337,4,'1234','WhatsApp Image 2022-11-05 at 3.46.41 PM.jpg','/assets/documentos/imagenes/usuarios/'),
 (5,'AIDA TATIANA NUNEZ','aidatatiananunez@gmail.com','anunez','81dc9bdb52d04dc20036dbd8313ed055',1,19335,3,'1234','aratto.jpg','/assets/documentos/imagenes/usuarios/'),
 (6,'MAGNELYS DEL CARMEN PEREZ PERDOMO','magnelysperezperdomo@gmail.com','mperez','81dc9bdb52d04dc20036dbd8313ed055',1,19362,4,'1234','1000_F_575861084_5ZyTNgeMepuqU511I1eAtj598zhw5XQ6.jpg','/assets/documentos/imagenes/usuarios/'),
 (7,'CARMEN USEA','carmenusea@gmail.com','cusea','81dc9bdb52d04dc20036dbd8313ed055',1,19335,3,'1234','WhatsApp Image 2022-11-05 at 3.48.29 PM.jpg','/assets/documentos/imagenes/usuarios/'),
 (8,'ZULAY DE JESUS LINARES DE SALAZAR','zulaylinares@gmail.com','zlinares','81dc9bdb52d04dc20036dbd8313ed055',1,19362,4,'1234','IMG20230202143710.jpg','/assets/documentos/imagenes/usuarios/'),
 (9,'Palika Perazo','palikagopi25@gmail.com','palika','81dc9bdb52d04dc20036dbd8313ed055',1,19354,4,'1234','motoServicio.png','/assets/documentos/imagenes/usuarios/'),
 (11,'Carlitos Peraza','carlosperazavz@gmail.com','cperaza','81dc9bdb52d04dc20036dbd8313ed055',1,0,1,'','lacol_carnet_1012_314403_.jpg','/assets/documentos/imagenes/usuarios/');
/*!40000 ALTER TABLE `usuario` ENABLE KEYS */;


--
-- Definition of table `usuario_categorias`
--

DROP TABLE IF EXISTS `usuario_categorias`;
CREATE TABLE `usuario_categorias` (
  `id` int(10) unsigned NOT NULL AUTO_INCREMENT,
  `idusuario` int(10) unsigned NOT NULL DEFAULT 0,
  `idcategoria` int(10) unsigned NOT NULL DEFAULT 0,
  PRIMARY KEY (`id`)
) ENGINE=InnoDB AUTO_INCREMENT=92 DEFAULT CHARSET=utf8mb4;

--
-- Dumping data for table `usuario_categorias`
--

/*!40000 ALTER TABLE `usuario_categorias` DISABLE KEYS */;
INSERT INTO `usuario_categorias` (`id`,`idusuario`,`idcategoria`) VALUES 
 (15,5,1),
 (16,5,2),
 (17,7,1),
 (18,7,2),
 (19,7,7),
 (20,7,8),
 (21,7,12),
 (87,1,1),
 (88,1,2),
 (89,1,7),
 (90,1,8),
 (91,1,12);
/*!40000 ALTER TABLE `usuario_categorias` ENABLE KEYS */;


--
-- Definition of table `ventas`
--

DROP TABLE IF EXISTS `ventas`;
CREATE TABLE `ventas` (
  `id` int(11) NOT NULL AUTO_INCREMENT,
  `id_cliente` int(11) NOT NULL DEFAULT 0,
  `total` decimal(10,2) NOT NULL DEFAULT 0.00,
  `id_usuario` int(11) NOT NULL,
  `fecha` timestamp NOT NULL DEFAULT current_timestamp() ON UPDATE current_timestamp(),
  `invoice_id` int(10) unsigned NOT NULL DEFAULT 0 COMMENT 'de ciudadhive',
  `procesado` datetime NOT NULL DEFAULT '0000-00-00 00:00:00',
  `mes` int(10) unsigned NOT NULL DEFAULT 0,
  `ano` int(10) unsigned NOT NULL DEFAULT 0,
  PRIMARY KEY (`id`)
) ENGINE=InnoDB AUTO_INCREMENT=44 DEFAULT CHARSET=utf8mb4;

--
-- Dumping data for table `ventas`
--

/*!40000 ALTER TABLE `ventas` DISABLE KEYS */;
INSERT INTO `ventas` (`id`,`id_cliente`,`total`,`id_usuario`,`fecha`,`invoice_id`,`procesado`,`mes`,`ano`) VALUES 
 (40,12867,'10.00',1,'2023-02-13 16:03:45',1,'2023-02-13 16:03:45',11,2022),
 (41,12867,'5.00',1,'2023-02-13 16:03:45',2,'2023-02-13 16:03:45',11,2022),
 (42,13737,'5.00',1,'2023-02-13 16:03:45',0,'2023-02-13 16:03:45',11,2022),
 (43,12867,'5.00',1,'2023-01-11 17:24:19',0,'2023-01-11 17:24:19',1,2023);
/*!40000 ALTER TABLE `ventas` ENABLE KEYS */;


--
-- Definition of table `visitas`
--

DROP TABLE IF EXISTS `visitas`;
CREATE TABLE `visitas` (
  `id` int(10) unsigned NOT NULL AUTO_INCREMENT,
  `ip` varchar(255) NOT NULL,
  `fecha` datetime NOT NULL,
  PRIMARY KEY (`id`)
) ENGINE=InnoDB DEFAULT CHARSET=utf8mb4 COMMENT='visitas por ip por fecha';

--
-- Dumping data for table `visitas`
--

/*!40000 ALTER TABLE `visitas` DISABLE KEYS */;
/*!40000 ALTER TABLE `visitas` ENABLE KEYS */;

--
-- Create schema strasourcing_php_combo
--

CREATE DATABASE IF NOT EXISTS strasourcing_php_combo;
USE strasourcing_php_combo;

--
-- Definition of view `catsubcatgrupo`
--

DROP TABLE IF EXISTS `catsubcatgrupo`;
DROP VIEW IF EXISTS `catsubcatgrupo`;
CREATE ALGORITHM=UNDEFINED DEFINER=`root`@`localhost` SQL SECURITY DEFINER VIEW `catsubcatgrupo` AS select `c`.`id` AS `idCat`,`c`.`name` AS `catname`,`b`.`id` AS `idsubcat`,`b`.`name` AS `subcatname`,`a`.`id` AS `idgrupo`,`a`.`name` AS `gruponame` from ((`ciudad` `a` join `pais` `b` on(`a`.`pais_id` = `b`.`id`)) join `continente` `c` on(`b`.`continente_id` = `c`.`id`)) where `c`.`status` = 1;
--
-- Create schema strasourcing_spa
--

CREATE DATABASE IF NOT EXISTS strasourcing_spa;
USE strasourcing_spa;

--
-- Definition of view `paisedociudad`
--

DROP TABLE IF EXISTS `paisedociudad`;
DROP VIEW IF EXISTS `paisedociudad`;
CREATE ALGORITHM=UNDEFINED DEFINER=`root`@`localhost` SQL SECURITY DEFINER VIEW `paisedociudad` AS select `c`.`id` AS `id`,`c`.`pais` AS `pais`,`c`.`state` AS `cod_edo`,`c`.`codigo` AS `cod_city`,`e`.`state` AS `state`,`c`.`city` AS `city` from (`ciudades` `c` join `estados` `e` on(`c`.`state` * 1 = `e`.`codigo` * 1)) order by `c`.`pais`,`e`.`state`,`c`.`codigo`;

--
-- Definition of view `usuario_empresa`
--

DROP TABLE IF EXISTS `usuario_empresa`;
DROP VIEW IF EXISTS `usuario_empresa`;
CREATE ALGORITHM=UNDEFINED DEFINER=`root`@`localhost` SQL SECURITY DEFINER VIEW `usuario_empresa` AS select `usuario`.`idusuario` AS `idusuario`,`usuario`.`nombre` AS `nombre`,`usuario`.`correo` AS `correo`,`usuario`.`usuario` AS `usuario`,`usuario`.`clave` AS `clave`,`usuario`.`estado` AS `estado`,`usuario`.`userhive` AS `userhive`,`usuario`.`tipo` AS `tipo`,`usuario`.`hint` AS `hint`,`usuario`.`imagen` AS `imagen`,`usuario`.`folder` AS `folder`,`empresas`.`razon_social` AS `razon_social` from (`usuario` join `empresas` on(`usuario`.`userhive` = `empresas`.`id`));

--
-- Definition of view `usuario_proveedor`
--

DROP TABLE IF EXISTS `usuario_proveedor`;
DROP VIEW IF EXISTS `usuario_proveedor`;
CREATE ALGORITHM=UNDEFINED DEFINER=`root`@`localhost` SQL SECURITY DEFINER VIEW `usuario_proveedor` AS select `usuario`.`idusuario` AS `idusuario`,`usuario`.`nombre` AS `nombre`,`usuario`.`correo` AS `correo`,`usuario`.`usuario` AS `usuario`,`usuario`.`clave` AS `clave`,`usuario`.`estado` AS `estado`,`usuario`.`userhive` AS `userhive`,`usuario`.`tipo` AS `tipo`,`usuario`.`hint` AS `hint`,`usuario`.`imagen` AS `imagen`,`usuario`.`folder` AS `folder`,`proveedores`.`razon_social` AS `razon_social` from (`usuario` join `proveedores` on(`usuario`.`userhive` = `proveedores`.`id`));



/*!40101 SET SQL_MODE=@OLD_SQL_MODE */;
/*!40014 SET FOREIGN_KEY_CHECKS=@OLD_FOREIGN_KEY_CHECKS */;
/*!40014 SET UNIQUE_CHECKS=@OLD_UNIQUE_CHECKS */;
/*!40101 SET CHARACTER_SET_CLIENT=@OLD_CHARACTER_SET_CLIENT */;
/*!40101 SET CHARACTER_SET_RESULTS=@OLD_CHARACTER_SET_RESULTS */;
/*!40101 SET COLLATION_CONNECTION=@OLD_COLLATION_CONNECTION */;
/*!40101 SET CHARACTER_SET_CLIENT=@OLD_CHARACTER_SET_CLIENT */;
